DateTime,Lane,Vehicles,ID
01-11-2015 00:00,1,15,20151101001
01-11-2015 01:00,1,13,20151101011
01-11-2015 02:00,1,10,20151101021
01-11-2015 03:00,1,7,20151101031
01-11-2015 04:00,1,9,20151101041
01-11-2015 05:00,1,6,20151101051
01-11-2015 06:00,1,9,20151101061
01-11-2015 07:00,1,1,20151101071
01-11-2015 08:00,1,11,20151101081
01-11-2015 09:00,1,12,20151101091
01-11-2015 10:00,1,15,20151101101
01-11-2015 11:00,1,17,20151101111
01-11-2015 12:00,1,2,20151101121
01-11-2015 13:00,1,15,20151101131
01-11-2015 14:00,1,16,20151101141
01-11-2015 15:00,1,2,20151101151
01-11-2015 16:00,1,12,20151101161
01-11-2015 17:00,1,16,20151101171
01-11-2015 18:00,1,1,20151101181
01-11-2015 19:00,1,3,20151101191
01-11-2015 20:00,1,17,20151101201
01-11-2015 21:00,1,19,20151101211
01-11-2015 22:00,1,20,20151101221
01-11-2015 23:00,1,5,20151101231
02-11-2015 00:00,1,14,20151102001
02-11-2015 01:00,1,12,20151102011
02-11-2015 02:00,1,4,20151102021
02-11-2015 03:00,1,5,20151102031
02-11-2015 04:00,1,6,20151102041
02-11-2015 05:00,1,8,20151102051
02-11-2015 06:00,1,9,20151102061
02-11-2015 07:00,1,1,20151102071
02-11-2015 08:00,1,2,20151102081
02-11-2015 09:00,1,6,20151102091
02-11-2015 10:00,1,4,20151102101
02-11-2015 11:00,1,3,20151102111
02-11-2015 12:00,1,13,20151102121
02-11-2015 13:00,1,5,20151102131
02-11-2015 14:00,1,6,20151102141
02-11-2015 15:00,1,4,20151102151
02-11-2015 16:00,1,2,20151102161
02-11-2015 17:00,1,14,20151102171
02-11-2015 18:00,1,1,20151102181
02-11-2015 19:00,1,18,20151102191
02-11-2015 20:00,1,11,20151102201
02-11-2015 21:00,1,12,20151102211
02-11-2015 22:00,1,14,20151102221
02-11-2015 23:00,1,15,20151102231
03-11-2015 00:00,1,16,20151103001
03-11-2015 01:00,1,3,20151103011
03-11-2015 02:00,1,10,20151103021
03-11-2015 03:00,1,5,20151103031
03-11-2015 04:00,1,9,20151103041
03-11-2015 05:00,1,3,20151103051
03-11-2015 06:00,1,11,20151103061
03-11-2015 07:00,1,1,20151103071
03-11-2015 08:00,1,15,20151103081
03-11-2015 09:00,1,29,20151103091
03-11-2015 10:00,1,4,20151103101
03-11-2015 11:00,1,7,20151103111
03-11-2015 12:00,1,11,20151103121
03-11-2015 13:00,1,12,20151103131
03-11-2015 14:00,1,18,20151103141
03-11-2015 15:00,1,19,20151103151
03-11-2015 16:00,1,15,20151103161
03-11-2015 17:00,1,11,20151103171
03-11-2015 18:00,1,10,20151103181
03-11-2015 19:00,1,16,20151103191
03-11-2015 20:00,1,1,20151103201
03-11-2015 21:00,1,4,20151103211
03-11-2015 22:00,1,8,20151103221
03-11-2015 23:00,1,6,20151103231
04-11-2015 00:00,1,8,20151104001
04-11-2015 01:00,1,5,20151104011
04-11-2015 02:00,1,6,20151104021
04-11-2015 03:00,1,4,20151104031
04-11-2015 04:00,1,3,20151104041
04-11-2015 05:00,1,8,20151104051
04-11-2015 06:00,1,9,20151104061
04-11-2015 07:00,1,1,20151104071
04-11-2015 08:00,1,3,20151104081
04-11-2015 09:00,1,7,20151104091
04-11-2015 10:00,1,8,20151104101
04-11-2015 11:00,1,4,20151104111
04-11-2015 12:00,1,6,20151104121
04-11-2015 13:00,1,9,20151104131
04-11-2015 14:00,1,4,20151104141
04-11-2015 15:00,1,5,20151104151
04-11-2015 16:00,1,6,20151104161
04-11-2015 17:00,1,6,20151104171
04-11-2015 18:00,1,13,20151104181
04-11-2015 19:00,1,16,20151104191
04-11-2015 20:00,1,9,20151104201
04-11-2015 21:00,1,24,20151104211
04-11-2015 22:00,1,11,20151104221
04-11-2015 23:00,1,4,20151104231
05-11-2015 00:00,1,19,20151105001
05-11-2015 01:00,1,11,20151105011
05-11-2015 02:00,1,2,20151105021
05-11-2015 03:00,1,13,20151105031
05-11-2015 04:00,1,13,20151105041
05-11-2015 05:00,1,9,20151105051
05-11-2015 06:00,1,11,20151105061
05-11-2015 07:00,1,1,20151105071
05-11-2015 08:00,1,15,20151105081
05-11-2015 09:00,1,16,20151105091
05-11-2015 10:00,1,5,20151105101
05-11-2015 11:00,1,3,20151105111
05-11-2015 12:00,1,3,20151105121
05-11-2015 13:00,1,5,20151105131
05-11-2015 14:00,1,3,20151105141
05-11-2015 15:00,1,2,20151105151
05-11-2015 16:00,1,6,20151105161
05-11-2015 17:00,1,6,20151105171
05-11-2015 18:00,1,6,20151105181
05-11-2015 19:00,1,7,20151105191
05-11-2015 20:00,1,4,20151105201
05-11-2015 21:00,1,2,20151105211
05-11-2015 22:00,1,3,20151105221
05-11-2015 23:00,1,7,20151105231
06-11-2015 00:00,1,8,20151106001
06-11-2015 01:00,1,2,20151106011
06-11-2015 02:00,1,4,20151106021
06-11-2015 03:00,1,3,20151106031
06-11-2015 04:00,1,9,20151106041
06-11-2015 05:00,1,7,20151106051
06-11-2015 06:00,1,7,20151106061
06-11-2015 07:00,1,1,20151106071
06-11-2015 08:00,1,4,20151106081
06-11-2015 09:00,1,6,20151106091
06-11-2015 10:00,1,5,20151106101
06-11-2015 11:00,1,9,20151106111
06-11-2015 12:00,1,5,20151106121
06-11-2015 13:00,1,8,20151106131
06-11-2015 14:00,1,7,20151106141
06-11-2015 15:00,1,4,20151106151
06-11-2015 16:00,1,9,20151106161
06-11-2015 17:00,1,3,20151106171
06-11-2015 18:00,1,3,20151106181
06-11-2015 19:00,1,3,20151106191
06-11-2015 20:00,1,18,20151106201
06-11-2015 21:00,1,19,20151106211
06-11-2015 22:00,1,16,20151106221
06-11-2015 23:00,1,17,20151106231
07-11-2015 00:00,1,7,20151107001
07-11-2015 01:00,1,16,20151107011
07-11-2015 02:00,1,10,20151107021
07-11-2015 03:00,1,12,20151107031
07-11-2015 04:00,1,8,20151107041
07-11-2015 05:00,1,7,20151107051
07-11-2015 06:00,1,9,20151107061
07-11-2015 07:00,1,8,20151107071
07-11-2015 08:00,1,12,20151107081
07-11-2015 09:00,1,13,20151107091
07-11-2015 10:00,1,11,20151107101
07-11-2015 11:00,1,14,20151107111
07-11-2015 12:00,1,5,20151107121
07-11-2015 13:00,1,14,20151107131
07-11-2015 14:00,1,14,20151107141
07-11-2015 15:00,1,3,20151107151
07-11-2015 16:00,1,15,20151107161
07-11-2015 17:00,1,13,20151107171
07-11-2015 18:00,1,12,20151107181
07-11-2015 19:00,1,7,20151107191
07-11-2015 20:00,1,18,20151107201
07-11-2015 21:00,1,8,20151107211
07-11-2015 22:00,1,16,20151107221
07-11-2015 23:00,1,15,20151107231
08-11-2015 00:00,1,2,20151108001
08-11-2015 01:00,1,16,20151108011
08-11-2015 02:00,1,4,20151108021
08-11-2015 03:00,1,8,20151108031
08-11-2015 04:00,1,10,20151108041
08-11-2015 05:00,1,9,20151108051
08-11-2015 06:00,1,10,20151108061
08-11-2015 07:00,1,1,20151108071
08-11-2015 08:00,1,1,20151108081
08-11-2015 09:00,1,12,20151108091
08-11-2015 10:00,1,18,20151108101
08-11-2015 11:00,1,3,20151108111
08-11-2015 12:00,1,17,20151108121
08-11-2015 13:00,1,14,20151108131
08-11-2015 14:00,1,14,20151108141
08-11-2015 15:00,1,8,20151108151
08-11-2015 16:00,1,12,20151108161
08-11-2015 17:00,1,3,20151108171
08-11-2015 18:00,1,18,20151108181
08-11-2015 19:00,1,5,20151108191
08-11-2015 20:00,1,16,20151108201
08-11-2015 21:00,1,9,20151108211
08-11-2015 22:00,1,14,20151108221
08-11-2015 23:00,1,4,20151108231
09-11-2015 00:00,1,13,20151109001
09-11-2015 01:00,1,8,20151109011
09-11-2015 02:00,1,11,20151109021
09-11-2015 03:00,1,2,20151109031
09-11-2015 04:00,1,9,20151109041
09-11-2015 05:00,1,8,20151109051
09-11-2015 06:00,1,3,20151109061
09-11-2015 07:00,1,1,20151109071
09-11-2015 08:00,1,11,20151109081
09-11-2015 09:00,1,6,20151109091
09-11-2015 10:00,1,19,20151109101
09-11-2015 11:00,1,22,20151109111
09-11-2015 12:00,1,8,20151109121
09-11-2015 13:00,1,23,20151109131
09-11-2015 14:00,1,24,20151109141
09-11-2015 15:00,1,7,20151109151
09-11-2015 16:00,1,19,20151109161
09-11-2015 17:00,1,19,20151109171
09-11-2015 18:00,1,1,20151109181
09-11-2015 19:00,1,31,20151109191
09-11-2015 20:00,1,4,20151109201
09-11-2015 21:00,1,3,20151109211
09-11-2015 22:00,1,21,20151109221
09-11-2015 23:00,1,24,20151109231
10-11-2015 00:00,1,19,20151110001
10-11-2015 01:00,1,19,20151110011
10-11-2015 02:00,1,6,20151110021
10-11-2015 03:00,1,17,20151110031
10-11-2015 04:00,1,12,20151110041
10-11-2015 05:00,1,10,20151110051
10-11-2015 06:00,1,7,20151110061
10-11-2015 07:00,1,1,20151110071
10-11-2015 08:00,1,14,20151110081
10-11-2015 09:00,1,34,20151110091
10-11-2015 10:00,1,40,20151110101
10-11-2015 11:00,1,3,20151110111
10-11-2015 12:00,1,36,20151110121
10-11-2015 13:00,1,27,20151110131
10-11-2015 14:00,1,8,20151110141
10-11-2015 15:00,1,43,20151110151
10-11-2015 16:00,1,41,20151110161
10-11-2015 17:00,1,10,20151110171
10-11-2015 18:00,1,40,20151110181
10-11-2015 19:00,1,40,20151110191
10-11-2015 20:00,1,16,20151110201
10-11-2015 21:00,1,36,20151110211
10-11-2015 22:00,1,37,20151110221
10-11-2015 23:00,1,11,20151110231
11-11-2015 00:00,1,28,20151111001
11-11-2015 01:00,1,25,20151111011
11-11-2015 02:00,1,19,20151111021
11-11-2015 03:00,1,15,20151111031
11-11-2015 04:00,1,20,20151111041
11-11-2015 05:00,1,15,20151111051
11-11-2015 06:00,1,14,20151111061
11-11-2015 07:00,1,1,20151111071
11-11-2015 08:00,1,19,20151111081
11-11-2015 09:00,1,13,20151111091
11-11-2015 10:00,1,4,20151111101
11-11-2015 11:00,1,26,20151111111
11-11-2015 12:00,1,26,20151111121
11-11-2015 13:00,1,5,20151111131
11-11-2015 14:00,1,23,20151111141
11-11-2015 15:00,1,24,20151111151
11-11-2015 16:00,1,22,20151111161
11-11-2015 17:00,1,7,20151111171
11-11-2015 18:00,1,26,20151111181
11-11-2015 19:00,1,27,20151111191
11-11-2015 20:00,1,3,20151111201
11-11-2015 21:00,1,23,20151111211
11-11-2015 22:00,1,22,20151111221
11-11-2015 23:00,1,8,20151111231
12-11-2015 00:00,1,22,20151112001
12-11-2015 01:00,1,17,20151112011
12-11-2015 02:00,1,15,20151112021
12-11-2015 03:00,1,9,20151112031
12-11-2015 04:00,1,13,20151112041
12-11-2015 05:00,1,9,20151112051
12-11-2015 06:00,1,1,20151112061
12-11-2015 07:00,1,1,20151112071
12-11-2015 08:00,1,15,20151112081
12-11-2015 09:00,1,27,20151112091
12-11-2015 10:00,1,39,20151112101
12-11-2015 11:00,1,18,20151112111
12-11-2015 12:00,1,36,20151112121
12-11-2015 13:00,1,20,20151112131
12-11-2015 14:00,1,33,20151112141
12-11-2015 15:00,1,2,20151112151
12-11-2015 16:00,1,30,20151112161
12-11-2015 17:00,1,26,20151112171
12-11-2015 18:00,1,4,20151112181
12-11-2015 19:00,1,35,20151112191
12-11-2015 20:00,1,13,20151112201
12-11-2015 21:00,1,34,20151112211
12-11-2015 22:00,1,5,20151112221
12-11-2015 23:00,1,27,20151112231
13-11-2015 00:00,1,24,20151113001
13-11-2015 01:00,1,17,20151113011
13-11-2015 02:00,1,16,20151113021
13-11-2015 03:00,1,16,20151113031
13-11-2015 04:00,1,21,20151113041
13-11-2015 05:00,1,11,20151113051
13-11-2015 06:00,1,13,20151113061
13-11-2015 07:00,1,1,20151113071
13-11-2015 08:00,1,17,20151113081
13-11-2015 09:00,1,18,20151113091
13-11-2015 10:00,1,24,20151113101
13-11-2015 11:00,1,41,20151113111
13-11-2015 12:00,1,2,20151113121
13-11-2015 13:00,1,25,20151113131
13-11-2015 14:00,1,25,20151113141
13-11-2015 15:00,1,1,20151113151
13-11-2015 16:00,1,25,20151113161
13-11-2015 17:00,1,24,20151113171
13-11-2015 18:00,1,5,20151113181
13-11-2015 19:00,1,24,20151113191
13-11-2015 20:00,1,28,20151113201
13-11-2015 21:00,1,6,20151113211
13-11-2015 22:00,1,23,20151113221
13-11-2015 23:00,1,18,20151113231
14-11-2015 00:00,1,17,20151114001
14-11-2015 01:00,1,20,20151114011
14-11-2015 02:00,1,15,20151114021
14-11-2015 03:00,1,16,20151114031
14-11-2015 04:00,1,10,20151114041
14-11-2015 05:00,1,10,20151114051
14-11-2015 06:00,1,19,20151114061
14-11-2015 07:00,1,1,20151114071
14-11-2015 08:00,1,10,20151114081
14-11-2015 09:00,1,21,20151114091
14-11-2015 10:00,1,16,20151114101
14-11-2015 11:00,1,16,20151114111
14-11-2015 12:00,1,25,20151114121
14-11-2015 13:00,1,11,20151114131
14-11-2015 14:00,1,14,20151114141
14-11-2015 15:00,1,16,20151114151
14-11-2015 16:00,1,18,20151114161
14-11-2015 17:00,1,13,20151114171
14-11-2015 18:00,1,17,20151114181
14-11-2015 19:00,1,15,20151114191
14-11-2015 20:00,1,19,20151114201
14-11-2015 21:00,1,15,20151114211
14-11-2015 22:00,1,19,20151114221
14-11-2015 23:00,1,15,20151114231
15-11-2015 00:00,1,15,20151115001
15-11-2015 01:00,1,13,20151115011
15-11-2015 02:00,1,14,20151115021
15-11-2015 03:00,1,10,20151115031
15-11-2015 04:00,1,8,20151115041
15-11-2015 05:00,1,9,20151115051
15-11-2015 06:00,1,9,20151115061
15-11-2015 07:00,1,1,20151115071
15-11-2015 08:00,1,9,20151115081
15-11-2015 09:00,1,16,20151115091
15-11-2015 10:00,1,18,20151115101
15-11-2015 11:00,1,18,20151115111
15-11-2015 12:00,1,17,20151115121
15-11-2015 13:00,1,18,20151115131
15-11-2015 14:00,1,14,20151115141
15-11-2015 15:00,1,3,20151115151
15-11-2015 16:00,1,2,20151115161
15-11-2015 17:00,1,5,20151115171
15-11-2015 18:00,1,19,20151115181
15-11-2015 19:00,1,1,20151115191
15-11-2015 20:00,1,6,20151115201
15-11-2015 21:00,1,17,20151115211
15-11-2015 22:00,1,7,20151115221
15-11-2015 23:00,1,15,20151115231
16-11-2015 00:00,1,17,20151116001
16-11-2015 01:00,1,2,20151116011
16-11-2015 02:00,1,13,20151116021
16-11-2015 03:00,1,4,20151116031
16-11-2015 04:00,1,12,20151116041
16-11-2015 05:00,1,6,20151116051
16-11-2015 06:00,1,13,20151116061
16-11-2015 07:00,1,1,20151116071
16-11-2015 08:00,1,13,20151116081
16-11-2015 09:00,1,2,20151116091
16-11-2015 10:00,1,26,20151116101
16-11-2015 11:00,1,7,20151116111
16-11-2015 12:00,1,26,20151116121
16-11-2015 13:00,1,6,20151116131
16-11-2015 14:00,1,26,20151116141
16-11-2015 15:00,1,7,20151116151
16-11-2015 16:00,1,24,20151116161
16-11-2015 17:00,1,2,20151116171
16-11-2015 18:00,1,23,20151116181
16-11-2015 19:00,1,5,20151116191
16-11-2015 20:00,1,3,20151116201
16-11-2015 21:00,1,7,20151116211
16-11-2015 22:00,1,27,20151116221
16-11-2015 23:00,1,8,20151116231
17-11-2015 00:00,1,2,20151117001
17-11-2015 01:00,1,4,20151117011
17-11-2015 02:00,1,19,20151117021
17-11-2015 03:00,1,2,20151117031
17-11-2015 04:00,1,11,20151117041
17-11-2015 05:00,1,5,20151117051
17-11-2015 06:00,1,1,20151117061
17-11-2015 07:00,1,1,20151117071
17-11-2015 08:00,1,12,20151117081
17-11-2015 09:00,1,18,20151117091
17-11-2015 10:00,1,5,20151117101
17-11-2015 11:00,1,6,20151117111
17-11-2015 12:00,1,7,20151117121
17-11-2015 13:00,1,5,20151117131
17-11-2015 14:00,1,3,20151117141
17-11-2015 15:00,1,2,20151117151
17-11-2015 16:00,1,29,20151117161
17-11-2015 17:00,1,1,20151117171
17-11-2015 18:00,1,28,20151117181
17-11-2015 19:00,1,31,20151117191
17-11-2015 20:00,1,28,20151117201
17-11-2015 21:00,1,26,20151117211
17-11-2015 22:00,1,5,20151117221
17-11-2015 23:00,1,27,20151117231
18-11-2015 00:00,1,3,20151118001
18-11-2015 01:00,1,2,20151118011
18-11-2015 02:00,1,8,20151118021
18-11-2015 03:00,1,2,20151118031
18-11-2015 04:00,1,20,20151118041
18-11-2015 05:00,1,16,20151118051
18-11-2015 06:00,1,5,20151118061
18-11-2015 07:00,1,1,20151118071
18-11-2015 08:00,1,3,20151118081
18-11-2015 09:00,1,2,20151118091
18-11-2015 10:00,1,5,20151118101
18-11-2015 11:00,1,6,20151118111
18-11-2015 12:00,1,8,20151118121
18-11-2015 13:00,1,6,20151118131
18-11-2015 14:00,1,1,20151118141
18-11-2015 15:00,1,4,20151118151
18-11-2015 16:00,1,6,20151118161
18-11-2015 17:00,1,1,20151118171
18-11-2015 18:00,1,11,20151118181
18-11-2015 19:00,1,16,20151118191
18-11-2015 20:00,1,22,20151118201
18-11-2015 21:00,1,17,20151118211
18-11-2015 22:00,1,29,20151118221
18-11-2015 23:00,1,4,20151118231
19-11-2015 00:00,1,32,20151119001
19-11-2015 01:00,1,2,20151119011
19-11-2015 02:00,1,20,20151119021
19-11-2015 03:00,1,16,20151119031
19-11-2015 04:00,1,2,20151119041
19-11-2015 05:00,1,17,20151119051
19-11-2015 06:00,1,15,20151119061
19-11-2015 07:00,1,11,20151119071
19-11-2015 08:00,1,18,20151119081
19-11-2015 09:00,1,17,20151119091
19-11-2015 10:00,1,1,20151119101
19-11-2015 11:00,1,11,20151119111
19-11-2015 12:00,1,15,20151119121
19-11-2015 13:00,1,5,20151119131
19-11-2015 14:00,1,10,20151119141
19-11-2015 15:00,1,8,20151119151
19-11-2015 16:00,1,4,20151119161
19-11-2015 17:00,1,12,20151119171
19-11-2015 18:00,1,9,20151119181
19-11-2015 19:00,1,4,20151119191
19-11-2015 20:00,1,4,20151119201
19-11-2015 21:00,1,2,20151119211
19-11-2015 22:00,1,4,20151119221
19-11-2015 23:00,1,29,20151119231
20-11-2015 00:00,1,16,20151120001
20-11-2015 01:00,1,20,20151120011
20-11-2015 02:00,1,15,20151120021
20-11-2015 03:00,1,15,20151120031
20-11-2015 04:00,1,13,20151120041
20-11-2015 05:00,1,8,20151120051
20-11-2015 06:00,1,17,20151120061
20-11-2015 07:00,1,1,20151120071
20-11-2015 08:00,1,4,20151120081
20-11-2015 09:00,1,12,20151120091
20-11-2015 10:00,1,4,20151120101
20-11-2015 11:00,1,26,20151120111
20-11-2015 12:00,1,7,20151120121
20-11-2015 13:00,1,16,20151120131
20-11-2015 14:00,1,5,20151120141
20-11-2015 15:00,1,8,20151120151
20-11-2015 16:00,1,20,20151120161
20-11-2015 17:00,1,17,20151120171
20-11-2015 18:00,1,4,20151120181
20-11-2015 19:00,1,6,20151120191
20-11-2015 20:00,1,10,20151120201
20-11-2015 21:00,1,24,20151120211
20-11-2015 22:00,1,7,20151120221
20-11-2015 23:00,1,1,20151120231
21-11-2015 00:00,1,5,20151121001
21-11-2015 01:00,1,16,20151121011
21-11-2015 02:00,1,10,20151121021
21-11-2015 03:00,1,15,20151121031
21-11-2015 04:00,1,1,20151121041
21-11-2015 05:00,1,8,20151121051
21-11-2015 06:00,1,12,20151121061
21-11-2015 07:00,1,1,20151121071
21-11-2015 08:00,1,12,20151121081
21-11-2015 09:00,1,16,20151121091
21-11-2015 10:00,1,3,20151121101
21-11-2015 11:00,1,17,20151121111
21-11-2015 12:00,1,18,20151121121
21-11-2015 13:00,1,15,20151121131
21-11-2015 14:00,1,1,20151121141
21-11-2015 15:00,1,3,20151121151
21-11-2015 16:00,1,13,20151121161
21-11-2015 17:00,1,17,20151121171
21-11-2015 18:00,1,5,20151121181
21-11-2015 19:00,1,17,20151121191
21-11-2015 20:00,1,18,20151121201
21-11-2015 21:00,1,7,20151121211
21-11-2015 22:00,1,6,20151121221
21-11-2015 23:00,1,17,20151121231
22-11-2015 00:00,1,15,20151122001
22-11-2015 01:00,1,7,20151122011
22-11-2015 02:00,1,4,20151122021
22-11-2015 03:00,1,12,20151122031
22-11-2015 04:00,1,19,20151122041
22-11-2015 05:00,1,8,20151122051
22-11-2015 06:00,1,11,20151122061
22-11-2015 07:00,1,1,20151122071
22-11-2015 08:00,1,8,20151122081
22-11-2015 09:00,1,15,20151122091
22-11-2015 10:00,1,3,20151122101
22-11-2015 11:00,1,5,20151122111
22-11-2015 12:00,1,4,20151122121
22-11-2015 13:00,1,6,20151122131
22-11-2015 14:00,1,3,20151122141
22-11-2015 15:00,1,15,20151122151
22-11-2015 16:00,1,6,20151122161
22-11-2015 17:00,1,16,20151122171
22-11-2015 18:00,1,21,20151122181
22-11-2015 19:00,1,7,20151122191
22-11-2015 20:00,1,8,20151122201
22-11-2015 21:00,1,4,20151122211
22-11-2015 22:00,1,11,20151122221
22-11-2015 23:00,1,20,20151122231
23-11-2015 00:00,1,3,20151123001
23-11-2015 01:00,1,14,20151123011
23-11-2015 02:00,1,2,20151123021
23-11-2015 03:00,1,14,20151123031
23-11-2015 04:00,1,11,20151123041
23-11-2015 05:00,1,7,20151123051
23-11-2015 06:00,1,9,20151123061
23-11-2015 07:00,1,1,20151123071
23-11-2015 08:00,1,16,20151123081
23-11-2015 09:00,1,5,20151123091
23-11-2015 10:00,1,12,20151123101
23-11-2015 11:00,1,15,20151123111
23-11-2015 12:00,1,16,20151123121
23-11-2015 13:00,1,12,20151123131
23-11-2015 14:00,1,15,20151123141
23-11-2015 15:00,1,7,20151123151
23-11-2015 16:00,1,18,20151123161
23-11-2015 17:00,1,2,20151123171
23-11-2015 18:00,1,5,20151123181
23-11-2015 19:00,1,8,20151123191
23-11-2015 20:00,1,8,20151123201
23-11-2015 21:00,1,6,20151123211
23-11-2015 22:00,1,3,20151123221
23-11-2015 23:00,1,9,20151123231
24-11-2015 00:00,1,10,20151124001
24-11-2015 01:00,1,19,20151124011
24-11-2015 02:00,1,18,20151124021
24-11-2015 03:00,1,13,20151124031
24-11-2015 04:00,1,5,20151124041
24-11-2015 05:00,1,13,20151124051
24-11-2015 06:00,1,16,20151124061
24-11-2015 07:00,1,1,20151124071
24-11-2015 08:00,1,23,20151124081
24-11-2015 09:00,1,7,20151124091
24-11-2015 10:00,1,3,20151124101
24-11-2015 11:00,1,16,20151124111
24-11-2015 12:00,1,7,20151124121
24-11-2015 13:00,1,5,20151124131
24-11-2015 14:00,1,4,20151124141
24-11-2015 15:00,1,4,20151124151
24-11-2015 16:00,1,6,20151124161
24-11-2015 17:00,1,8,20151124171
24-11-2015 18:00,1,11,20151124181
24-11-2015 19:00,1,11,20151124191
24-11-2015 20:00,1,4,20151124201
24-11-2015 21:00,1,7,20151124211
24-11-2015 22:00,1,3,20151124221
24-11-2015 23:00,1,3,20151124231
25-11-2015 00:00,1,7,20151125001
25-11-2015 01:00,1,5,20151125011
25-11-2015 02:00,1,11,20151125021
25-11-2015 03:00,1,13,20151125031
25-11-2015 04:00,1,11,20151125041
25-11-2015 05:00,1,9,20151125051
25-11-2015 06:00,1,18,20151125061
25-11-2015 07:00,1,1,20151125071
25-11-2015 08:00,1,15,20151125081
25-11-2015 09:00,1,9,20151125091
25-11-2015 10:00,1,16,20151125101
25-11-2015 11:00,1,14,20151125111
25-11-2015 12:00,1,11,20151125121
25-11-2015 13:00,1,11,20151125131
25-11-2015 14:00,1,14,20151125141
25-11-2015 15:00,1,4,20151125151
25-11-2015 16:00,1,1,20151125161
25-11-2015 17:00,1,13,20151125171
25-11-2015 18:00,1,11,20151125181
25-11-2015 19:00,1,31,20151125191
25-11-2015 20:00,1,1,20151125201
25-11-2015 21:00,1,24,20151125211
25-11-2015 22:00,1,2,20151125221
25-11-2015 23:00,1,17,20151125231
26-11-2015 00:00,1,22,20151126001
26-11-2015 01:00,1,5,20151126011
26-11-2015 02:00,1,17,20151126021
26-11-2015 03:00,1,12,20151126031
26-11-2015 04:00,1,8,20151126041
26-11-2015 05:00,1,12,20151126051
26-11-2015 06:00,1,9,20151126061
26-11-2015 07:00,1,1,20151126071
26-11-2015 08:00,1,11,20151126081
26-11-2015 09:00,1,3,20151126091
26-11-2015 10:00,1,8,20151126101
26-11-2015 11:00,1,11,20151126111
26-11-2015 12:00,1,3,20151126121
26-11-2015 13:00,1,9,20151126131
26-11-2015 14:00,1,7,20151126141
26-11-2015 15:00,1,14,20151126151
26-11-2015 16:00,1,5,20151126161
26-11-2015 17:00,1,8,20151126171
26-11-2015 18:00,1,8,20151126181
26-11-2015 19:00,1,4,20151126191
26-11-2015 20:00,1,11,20151126201
26-11-2015 21:00,1,13,20151126211
26-11-2015 22:00,1,5,20151126221
26-11-2015 23:00,1,17,20151126231
27-11-2015 00:00,1,14,20151127001
27-11-2015 01:00,1,17,20151127011
27-11-2015 02:00,1,14,20151127021
27-11-2015 03:00,1,11,20151127031
27-11-2015 04:00,1,9,20151127041
27-11-2015 05:00,1,11,20151127051
27-11-2015 06:00,1,10,20151127061
27-11-2015 07:00,1,1,20151127071
27-11-2015 08:00,1,16,20151127081
27-11-2015 09:00,1,2,20151127091
27-11-2015 10:00,1,6,20151127101
27-11-2015 11:00,1,6,20151127111
27-11-2015 12:00,1,1,20151127121
27-11-2015 13:00,1,4,20151127131
27-11-2015 14:00,1,6,20151127141
27-11-2015 15:00,1,8,20151127151
27-11-2015 16:00,1,6,20151127161
27-11-2015 17:00,1,7,20151127171
27-11-2015 18:00,1,5,20151127181
27-11-2015 19:00,1,7,20151127191
27-11-2015 20:00,1,11,20151127201
27-11-2015 21:00,1,14,20151127211
27-11-2015 22:00,1,9,20151127221
27-11-2015 23:00,1,6,20151127231
28-11-2015 00:00,1,9,20151128001
28-11-2015 01:00,1,13,20151128011
28-11-2015 02:00,1,10,20151128021
28-11-2015 03:00,1,11,20151128031
28-11-2015 04:00,1,10,20151128041
28-11-2015 05:00,1,8,20151128051
28-11-2015 06:00,1,11,20151128061
28-11-2015 07:00,1,1,20151128071
28-11-2015 08:00,1,16,20151128081
28-11-2015 09:00,1,19,20151128091
28-11-2015 10:00,1,21,20151128101
28-11-2015 11:00,1,3,20151128111
28-11-2015 12:00,1,6,20151128121
28-11-2015 13:00,1,8,20151128131
28-11-2015 14:00,1,2,20151128141
28-11-2015 15:00,1,9,20151128151
28-11-2015 16:00,1,5,20151128161
28-11-2015 17:00,1,4,20151128171
28-11-2015 18:00,1,10,20151128181
28-11-2015 19:00,1,5,20151128191
28-11-2015 20:00,1,8,20151128201
28-11-2015 21:00,1,13,20151128211
28-11-2015 22:00,1,22,20151128221
28-11-2015 23:00,1,3,20151128231
29-11-2015 00:00,1,6,20151129001
29-11-2015 01:00,1,9,20151129011
29-11-2015 02:00,1,13,20151129021
29-11-2015 03:00,1,10,20151129031
29-11-2015 04:00,1,7,20151129041
29-11-2015 05:00,1,16,20151129051
29-11-2015 06:00,1,9,20151129061
29-11-2015 07:00,1,11,20151129071
29-11-2015 08:00,1,4,20151129081
29-11-2015 09:00,1,18,20151129091
29-11-2015 10:00,1,20,20151129101
29-11-2015 11:00,1,6,20151129111
29-11-2015 12:00,1,22,20151129121
29-11-2015 13:00,1,17,20151129131
29-11-2015 14:00,1,17,20151129141
29-11-2015 15:00,1,19,20151129151
29-11-2015 16:00,1,6,20151129161
29-11-2015 17:00,1,20,20151129171
29-11-2015 18:00,1,21,20151129181
29-11-2015 19:00,1,20,20151129191
29-11-2015 20:00,1,8,20151129201
29-11-2015 21:00,1,11,20151129211
29-11-2015 22:00,1,21,20151129221
29-11-2015 23:00,1,18,20151129231
30-11-2015 00:00,1,9,20151130001
30-11-2015 01:00,1,13,20151130011
30-11-2015 02:00,1,16,20151130021
30-11-2015 03:00,1,11,20151130031
30-11-2015 04:00,1,12,20151130041
30-11-2015 05:00,1,11,20151130051
30-11-2015 06:00,1,11,20151130061
30-11-2015 07:00,1,1,20151130071
30-11-2015 08:00,1,7,20151130081
30-11-2015 09:00,1,24,20151130091
30-11-2015 10:00,1,4,20151130101
30-11-2015 11:00,1,7,20151130111
30-11-2015 12:00,1,9,20151130121
30-11-2015 13:00,1,4,20151130131
30-11-2015 14:00,1,5,20151130141
30-11-2015 15:00,1,13,20151130151
30-11-2015 16:00,1,28,20151130161
30-11-2015 17:00,1,15,20151130171
30-11-2015 18:00,1,11,20151130181
30-11-2015 19:00,1,29,20151130191
30-11-2015 20:00,1,22,20151130201
30-11-2015 21:00,1,29,20151130211
30-11-2015 22:00,1,26,20151130221
30-11-2015 23:00,1,24,20151130231
01-11-2015 00:00,2,16,20151101002
01-11-2015 01:00,2,6,20151101012
01-11-2015 02:00,2,5,20151101022
01-11-2015 03:00,2,6,20151101032
01-11-2015 04:00,2,17,20151101042
01-11-2015 05:00,2,2,20151101052
01-11-2015 06:00,2,4,20151101062
01-11-2015 07:00,2,12,20151101072
01-11-2015 08:00,2,3,20151101082
01-11-2015 09:00,2,3,20151101092
01-11-2015 10:00,2,8,20151101102
01-11-2015 11:00,2,15,20151101112
01-11-2015 12:00,2,6,20151101122
01-11-2015 13:00,2,6,20151101132
01-11-2015 14:00,2,1,20151101142
01-11-2015 15:00,2,13,20151101152
01-11-2015 16:00,2,8,20151101162
01-11-2015 17:00,2,7,20151101172
01-11-2015 18:00,2,8,20151101182
01-11-2015 19:00,2,7,20151101192
01-11-2015 20:00,2,6,20151101202
01-11-2015 21:00,2,15,20151101212
01-11-2015 22:00,2,9,20151101222
01-11-2015 23:00,2,4,20151101232
02-11-2015 00:00,2,8,20151102002
02-11-2015 01:00,2,6,20151102012
02-11-2015 02:00,2,8,20151102022
02-11-2015 03:00,2,15,20151102032
02-11-2015 04:00,2,3,20151102042
02-11-2015 05:00,2,14,20151102052
02-11-2015 06:00,2,5,20151102062
02-11-2015 07:00,2,18,20151102072
02-11-2015 08:00,2,8,20151102082
02-11-2015 09:00,2,15,20151102092
02-11-2015 10:00,2,8,20151102102
02-11-2015 11:00,2,9,20151102112
02-11-2015 12:00,2,11,20151102122
02-11-2015 13:00,2,8,20151102132
02-11-2015 14:00,2,1,20151102142
02-11-2015 15:00,2,8,20151102152
02-11-2015 16:00,2,11,20151102162
02-11-2015 17:00,2,6,20151102172
02-11-2015 18:00,2,12,20151102182
02-11-2015 19:00,2,10,20151102192
02-11-2015 20:00,2,12,20151102202
02-11-2015 21:00,2,11,20151102212
02-11-2015 22:00,2,12,20151102222
02-11-2015 23:00,2,13,20151102232
03-11-2015 00:00,2,8,20151103002
03-11-2015 01:00,2,8,20151103012
03-11-2015 02:00,2,8,20151103022
03-11-2015 03:00,2,8,20151103032
03-11-2015 04:00,2,10,20151103042
03-11-2015 05:00,2,6,20151103052
03-11-2015 06:00,2,4,20151103062
03-11-2015 07:00,2,13,20151103072
03-11-2015 08:00,2,6,20151103082
03-11-2015 09:00,2,9,20151103092
03-11-2015 10:00,2,11,20151103102
03-11-2015 11:00,2,10,20151103112
03-11-2015 12:00,2,9,20151103122
03-11-2015 13:00,2,8,20151103132
03-11-2015 14:00,2,1,20151103142
03-11-2015 15:00,2,11,20151103152
03-11-2015 16:00,2,8,20151103162
03-11-2015 17:00,2,14,20151103172
03-11-2015 18:00,2,9,20151103182
03-11-2015 19:00,2,10,20151103192
03-11-2015 20:00,2,12,20151103202
03-11-2015 21:00,2,8,20151103212
03-11-2015 22:00,2,13,20151103222
03-11-2015 23:00,2,11,20151103232
04-11-2015 00:00,2,10,20151104002
04-11-2015 01:00,2,8,20151104012
04-11-2015 02:00,2,7,20151104022
04-11-2015 03:00,2,7,20151104032
04-11-2015 04:00,2,5,20151104042
04-11-2015 05:00,2,16,20151104052
04-11-2015 06:00,2,6,20151104062
04-11-2015 07:00,2,21,20151104072
04-11-2015 08:00,2,19,20151104082
04-11-2015 09:00,2,6,20151104092
04-11-2015 10:00,2,8,20151104102
04-11-2015 11:00,2,7,20151104112
04-11-2015 12:00,2,10,20151104122
04-11-2015 13:00,2,10,20151104132
04-11-2015 14:00,2,1,20151104142
04-11-2015 15:00,2,7,20151104152
04-11-2015 16:00,2,8,20151104162
04-11-2015 17:00,2,12,20151104172
04-11-2015 18:00,2,9,20151104182
04-11-2015 19:00,2,9,20151104192
04-11-2015 20:00,2,10,20151104202
04-11-2015 21:00,2,10,20151104212
04-11-2015 22:00,2,11,20151104222
04-11-2015 23:00,2,8,20151104232
05-11-2015 00:00,2,8,20151105002
05-11-2015 01:00,2,7,20151105012
05-11-2015 02:00,2,18,20151105022
05-11-2015 03:00,2,5,20151105032
05-11-2015 04:00,2,4,20151105042
05-11-2015 05:00,2,6,20151105052
05-11-2015 06:00,2,15,20151105062
05-11-2015 07:00,2,17,20151105072
05-11-2015 08:00,2,8,20151105082
05-11-2015 09:00,2,6,20151105092
05-11-2015 10:00,2,9,20151105102
05-11-2015 11:00,2,11,20151105112
05-11-2015 12:00,2,10,20151105122
05-11-2015 13:00,2,7,20151105132
05-11-2015 14:00,2,1,20151105142
05-11-2015 15:00,2,10,20151105152
05-11-2015 16:00,2,11,20151105162
05-11-2015 17:00,2,7,20151105172
05-11-2015 18:00,2,9,20151105182
05-11-2015 19:00,2,13,20151105192
05-11-2015 20:00,2,10,20151105202
05-11-2015 21:00,2,12,20151105212
05-11-2015 22:00,2,8,20151105222
05-11-2015 23:00,2,10,20151105232
06-11-2015 00:00,2,6,20151106002
06-11-2015 01:00,2,8,20151106012
06-11-2015 02:00,2,7,20151106022
06-11-2015 03:00,2,17,20151106032
06-11-2015 04:00,2,9,20151106042
06-11-2015 05:00,2,4,20151106052
06-11-2015 06:00,2,8,20151106062
06-11-2015 07:00,2,3,20151106072
06-11-2015 08:00,2,4,20151106082
06-11-2015 09:00,2,7,20151106092
06-11-2015 10:00,2,11,20151106102
06-11-2015 11:00,2,11,20151106112
06-11-2015 12:00,2,8,20151106122
06-11-2015 13:00,2,5,20151106132
06-11-2015 14:00,2,1,20151106142
06-11-2015 15:00,2,10,20151106152
06-11-2015 16:00,2,13,20151106162
06-11-2015 17:00,2,12,20151106172
06-11-2015 18:00,2,10,20151106182
06-11-2015 19:00,2,7,20151106192
06-11-2015 20:00,2,12,20151106202
06-11-2015 21:00,2,10,20151106212
06-11-2015 22:00,2,9,20151106222
06-11-2015 23:00,2,6,20151106232
07-11-2015 00:00,2,5,20151107002
07-11-2015 01:00,2,10,20151107012
07-11-2015 02:00,2,10,20151107022
07-11-2015 03:00,2,10,20151107032
07-11-2015 04:00,2,9,20151107042
07-11-2015 05:00,2,8,20151107052
07-11-2015 06:00,2,6,20151107062
07-11-2015 07:00,2,1,20151107072
07-11-2015 08:00,2,6,20151107082
07-11-2015 09:00,2,5,20151107092
07-11-2015 10:00,2,8,20151107102
07-11-2015 11:00,2,16,20151107112
07-11-2015 12:00,2,6,20151107122
07-11-2015 13:00,2,7,20151107132
07-11-2015 14:00,2,1,20151107142
07-11-2015 15:00,2,8,20151107152
07-11-2015 16:00,2,4,20151107162
07-11-2015 17:00,2,16,20151107172
07-11-2015 18:00,2,5,20151107182
07-11-2015 19:00,2,4,20151107192
07-11-2015 20:00,2,7,20151107202
07-11-2015 21:00,2,17,20151107212
07-11-2015 22:00,2,7,20151107222
07-11-2015 23:00,2,8,20151107232
08-11-2015 00:00,2,4,20151108002
08-11-2015 01:00,2,13,20151108012
08-11-2015 02:00,2,7,20151108022
08-11-2015 03:00,2,6,20151108032
08-11-2015 04:00,2,7,20151108042
08-11-2015 05:00,2,6,20151108052
08-11-2015 06:00,2,6,20151108062
08-11-2015 07:00,2,1,20151108072
08-11-2015 08:00,2,5,20151108082
08-11-2015 09:00,2,5,20151108092
08-11-2015 10:00,2,8,20151108102
08-11-2015 11:00,2,17,20151108112
08-11-2015 12:00,2,8,20151108122
08-11-2015 13:00,2,8,20151108132
08-11-2015 14:00,2,1,20151108142
08-11-2015 15:00,2,4,20151108152
08-11-2015 16:00,2,9,20151108162
08-11-2015 17:00,2,16,20151108172
08-11-2015 18:00,2,8,20151108182
08-11-2015 19:00,2,8,20151108192
08-11-2015 20:00,2,6,20151108202
08-11-2015 21:00,2,8,20151108212
08-11-2015 22:00,2,8,20151108222
08-11-2015 23:00,2,17,20151108232
09-11-2015 00:00,2,7,20151109002
09-11-2015 01:00,2,4,20151109012
09-11-2015 02:00,2,6,20151109022
09-11-2015 03:00,2,16,20151109032
09-11-2015 04:00,2,5,20151109042
09-11-2015 05:00,2,9,20151109052
09-11-2015 06:00,2,4,20151109062
09-11-2015 07:00,2,11,20151109072
09-11-2015 08:00,2,9,20151109082
09-11-2015 09:00,2,10,20151109092
09-11-2015 10:00,2,9,20151109102
09-11-2015 11:00,2,17,20151109112
09-11-2015 12:00,2,9,20151109122
09-11-2015 13:00,2,7,20151109132
09-11-2015 14:00,2,1,20151109142
09-11-2015 15:00,2,12,20151109152
09-11-2015 16:00,2,8,20151109162
09-11-2015 17:00,2,12,20151109172
09-11-2015 18:00,2,9,20151109182
09-11-2015 19:00,2,13,20151109192
09-11-2015 20:00,2,12,20151109202
09-11-2015 21:00,2,12,20151109212
09-11-2015 22:00,2,11,20151109222
09-11-2015 23:00,2,8,20151109232
10-11-2015 00:00,2,9,20151110002
10-11-2015 01:00,2,11,20151110012
10-11-2015 02:00,2,9,20151110022
10-11-2015 03:00,2,8,20151110032
10-11-2015 04:00,2,7,20151110042
10-11-2015 05:00,2,6,20151110052
10-11-2015 06:00,2,16,20151110062
10-11-2015 07:00,2,5,20151110072
10-11-2015 08:00,2,5,20151110082
10-11-2015 09:00,2,7,20151110092
10-11-2015 10:00,2,16,20151110102
10-11-2015 11:00,2,8,20151110112
10-11-2015 12:00,2,6,20151110122
10-11-2015 13:00,2,8,20151110132
10-11-2015 14:00,2,1,20151110142
10-11-2015 15:00,2,11,20151110152
10-11-2015 16:00,2,13,20151110162
10-11-2015 17:00,2,8,20151110172
10-11-2015 18:00,2,11,20151110182
10-11-2015 19:00,2,10,20151110192
10-11-2015 20:00,2,14,20151110202
10-11-2015 21:00,2,9,20151110212
10-11-2015 22:00,2,9,20151110222
10-11-2015 23:00,2,7,20151110232
11-11-2015 00:00,2,14,20151111002
11-11-2015 01:00,2,6,20151111012
11-11-2015 02:00,2,10,20151111022
11-11-2015 03:00,2,6,20151111032
11-11-2015 04:00,2,6,20151111042
11-11-2015 05:00,2,6,20151111052
11-11-2015 06:00,2,6,20151111062
11-11-2015 07:00,2,8,20151111072
11-11-2015 08:00,2,9,20151111082
11-11-2015 09:00,2,6,20151111092
11-11-2015 10:00,2,8,20151111102
11-11-2015 11:00,2,4,20151111112
11-11-2015 12:00,2,6,20151111122
11-11-2015 13:00,2,11,20151111132
11-11-2015 14:00,2,1,20151111142
11-11-2015 15:00,2,6,20151111152
11-11-2015 16:00,2,6,20151111162
11-11-2015 17:00,2,10,20151111172
11-11-2015 18:00,2,10,20151111182
11-11-2015 19:00,2,8,20151111192
11-11-2015 20:00,2,10,20151111202
11-11-2015 21:00,2,10,20151111212
11-11-2015 22:00,2,11,20151111222
11-11-2015 23:00,2,10,20151111232
12-11-2015 00:00,2,9,20151112002
12-11-2015 01:00,2,12,20151112012
12-11-2015 02:00,2,10,20151112022
12-11-2015 03:00,2,4,20151112032
12-11-2015 04:00,2,6,20151112042
12-11-2015 05:00,2,6,20151112052
12-11-2015 06:00,2,8,20151112062
12-11-2015 07:00,2,3,20151112072
12-11-2015 08:00,2,4,20151112082
12-11-2015 09:00,2,8,20151112092
12-11-2015 10:00,2,10,20151112102
12-11-2015 11:00,2,8,20151112112
12-11-2015 12:00,2,10,20151112122
12-11-2015 13:00,2,9,20151112132
12-11-2015 14:00,2,1,20151112142
12-11-2015 15:00,2,11,20151112152
12-11-2015 16:00,2,9,20151112162
12-11-2015 17:00,2,8,20151112172
12-11-2015 18:00,2,9,20151112182
12-11-2015 19:00,2,13,20151112192
12-11-2015 20:00,2,12,20151112202
12-11-2015 21:00,2,9,20151112212
12-11-2015 22:00,2,10,20151112222
12-11-2015 23:00,2,11,20151112232
13-11-2015 00:00,2,9,20151113002
13-11-2015 01:00,2,8,20151113012
13-11-2015 02:00,2,11,20151113022
13-11-2015 03:00,2,11,20151113032
13-11-2015 04:00,2,7,20151113042
13-11-2015 05:00,2,5,20151113052
13-11-2015 06:00,2,4,20151113062
13-11-2015 07:00,2,7,20151113072
13-11-2015 08:00,2,5,20151113082
13-11-2015 09:00,2,8,20151113092
13-11-2015 10:00,2,8,20151113102
13-11-2015 11:00,2,11,20151113112
13-11-2015 12:00,2,8,20151113122
13-11-2015 13:00,2,9,20151113132
13-11-2015 14:00,2,1,20151113142
13-11-2015 15:00,2,11,20151113152
13-11-2015 16:00,2,6,20151113162
13-11-2015 17:00,2,12,20151113172
13-11-2015 18:00,2,7,20151113182
13-11-2015 19:00,2,8,20151113192
13-11-2015 20:00,2,9,20151113202
13-11-2015 21:00,2,9,20151113212
13-11-2015 22:00,2,12,20151113222
13-11-2015 23:00,2,6,20151113232
14-11-2015 00:00,2,6,20151114002
14-11-2015 01:00,2,6,20151114012
14-11-2015 02:00,2,17,20151114022
14-11-2015 03:00,2,7,20151114032
14-11-2015 04:00,2,8,20151114042
14-11-2015 05:00,2,6,20151114052
14-11-2015 06:00,2,5,20151114062
14-11-2015 07:00,2,24,20151114072
14-11-2015 08:00,2,4,20151114082
14-11-2015 09:00,2,8,20151114092
14-11-2015 10:00,2,7,20151114102
14-11-2015 11:00,2,26,20151114112
14-11-2015 12:00,2,7,20151114122
14-11-2015 13:00,2,8,20151114132
14-11-2015 14:00,2,1,20151114142
14-11-2015 15:00,2,8,20151114152
14-11-2015 16:00,2,4,20151114162
14-11-2015 17:00,2,17,20151114172
14-11-2015 18:00,2,8,20151114182
14-11-2015 19:00,2,5,20151114192
14-11-2015 20:00,2,7,20151114202
14-11-2015 21:00,2,9,20151114212
14-11-2015 22:00,2,6,20151114222
14-11-2015 23:00,2,6,20151114232
15-11-2015 00:00,2,8,20151115002
15-11-2015 01:00,2,5,20151115012
15-11-2015 02:00,2,7,20151115022
15-11-2015 03:00,2,7,20151115032
15-11-2015 04:00,2,6,20151115042
15-11-2015 05:00,2,5,20151115052
15-11-2015 06:00,2,10,20151115062
15-11-2015 07:00,2,7,20151115072
15-11-2015 08:00,2,7,20151115082
15-11-2015 09:00,2,9,20151115092
15-11-2015 10:00,2,4,20151115102
15-11-2015 11:00,2,3,20151115112
15-11-2015 12:00,2,6,20151115122
15-11-2015 13:00,2,7,20151115132
15-11-2015 14:00,2,1,20151115142
15-11-2015 15:00,2,4,20151115152
15-11-2015 16:00,2,4,20151115162
15-11-2015 17:00,2,5,20151115172
15-11-2015 18:00,2,8,20151115182
15-11-2015 19:00,2,5,20151115192
15-11-2015 20:00,2,6,20151115202
15-11-2015 21:00,2,8,20151115212
15-11-2015 22:00,2,8,20151115222
15-11-2015 23:00,2,8,20151115232
16-11-2015 00:00,2,3,20151116002
16-11-2015 01:00,2,5,20151116012
16-11-2015 02:00,2,6,20151116022
16-11-2015 03:00,2,5,20151116032
16-11-2015 04:00,2,8,20151116042
16-11-2015 05:00,2,5,20151116052
16-11-2015 06:00,2,7,20151116062
16-11-2015 07:00,2,5,20151116072
16-11-2015 08:00,2,5,20151116082
16-11-2015 09:00,2,7,20151116092
16-11-2015 10:00,2,12,20151116102
16-11-2015 11:00,2,10,20151116112
16-11-2015 12:00,2,7,20151116122
16-11-2015 13:00,2,8,20151116132
16-11-2015 14:00,2,1,20151116142
16-11-2015 15:00,2,10,20151116152
16-11-2015 16:00,2,12,20151116162
16-11-2015 17:00,2,9,20151116172
16-11-2015 18:00,2,9,20151116182
16-11-2015 19:00,2,10,20151116192
16-11-2015 20:00,2,10,20151116202
16-11-2015 21:00,2,13,20151116212
16-11-2015 22:00,2,7,20151116222
16-11-2015 23:00,2,7,20151116232
17-11-2015 00:00,2,11,20151117002
17-11-2015 01:00,2,8,20151117012
17-11-2015 02:00,2,11,20151117022
17-11-2015 03:00,2,9,20151117032
17-11-2015 04:00,2,8,20151117042
17-11-2015 05:00,2,9,20151117052
17-11-2015 06:00,2,8,20151117062
17-11-2015 07:00,2,10,20151117072
17-11-2015 08:00,2,7,20151117082
17-11-2015 09:00,2,5,20151117092
17-11-2015 10:00,2,8,20151117102
17-11-2015 11:00,2,12,20151117112
17-11-2015 12:00,2,10,20151117122
17-11-2015 13:00,2,9,20151117132
17-11-2015 14:00,2,1,20151117142
17-11-2015 15:00,2,9,20151117152
17-11-2015 16:00,2,10,20151117162
17-11-2015 17:00,2,10,20151117172
17-11-2015 18:00,2,9,20151117182
17-11-2015 19:00,2,12,20151117192
17-11-2015 20:00,2,10,20151117202
17-11-2015 21:00,2,10,20151117212
17-11-2015 22:00,2,10,20151117222
17-11-2015 23:00,2,9,20151117232
18-11-2015 00:00,2,6,20151118002
18-11-2015 01:00,2,9,20151118012
18-11-2015 02:00,2,6,20151118022
18-11-2015 03:00,2,6,20151118032
18-11-2015 04:00,2,8,20151118042
18-11-2015 05:00,2,7,20151118052
18-11-2015 06:00,2,8,20151118062
18-11-2015 07:00,2,5,20151118072
18-11-2015 08:00,2,7,20151118082
18-11-2015 09:00,2,6,20151118092
18-11-2015 10:00,2,16,20151118102
18-11-2015 11:00,2,12,20151118112
18-11-2015 12:00,2,9,20151118122
18-11-2015 13:00,2,12,20151118132
18-11-2015 14:00,2,1,20151118142
18-11-2015 15:00,2,14,20151118152
18-11-2015 16:00,2,14,20151118162
18-11-2015 17:00,2,11,20151118172
18-11-2015 18:00,2,11,20151118182
18-11-2015 19:00,2,10,20151118192
18-11-2015 20:00,2,14,20151118202
18-11-2015 21:00,2,11,20151118212
18-11-2015 22:00,2,11,20151118222
18-11-2015 23:00,2,10,20151118232
19-11-2015 00:00,2,10,20151119002
19-11-2015 01:00,2,6,20151119012
19-11-2015 02:00,2,7,20151119022
19-11-2015 03:00,2,10,20151119032
19-11-2015 04:00,2,1,20151119042
19-11-2015 05:00,2,7,20151119052
19-11-2015 06:00,2,8,20151119062
19-11-2015 07:00,2,5,20151119072
19-11-2015 08:00,2,7,20151119082
19-11-2015 09:00,2,8,20151119092
19-11-2015 10:00,2,9,20151119102
19-11-2015 11:00,2,8,20151119112
19-11-2015 12:00,2,10,20151119122
19-11-2015 13:00,2,11,20151119132
19-11-2015 14:00,2,1,20151119142
19-11-2015 15:00,2,11,20151119152
19-11-2015 16:00,2,14,20151119162
19-11-2015 17:00,2,10,20151119172
19-11-2015 18:00,2,12,20151119182
19-11-2015 19:00,2,13,20151119192
19-11-2015 20:00,2,13,20151119202
19-11-2015 21:00,2,11,20151119212
19-11-2015 22:00,2,12,20151119222
19-11-2015 23:00,2,13,20151119232
20-11-2015 00:00,2,12,20151120002
20-11-2015 01:00,2,8,20151120012
20-11-2015 02:00,2,10,20151120022
20-11-2015 03:00,2,7,20151120032
20-11-2015 04:00,2,9,20151120042
20-11-2015 05:00,2,7,20151120052
20-11-2015 06:00,2,9,20151120062
20-11-2015 07:00,2,12,20151120072
20-11-2015 08:00,2,8,20151120082
20-11-2015 09:00,2,14,20151120092
20-11-2015 10:00,2,9,20151120102
20-11-2015 11:00,2,9,20151120112
20-11-2015 12:00,2,13,20151120122
20-11-2015 13:00,2,8,20151120132
20-11-2015 14:00,2,1,20151120142
20-11-2015 15:00,2,12,20151120152
20-11-2015 16:00,2,13,20151120162
20-11-2015 17:00,2,9,20151120172
20-11-2015 18:00,2,8,20151120182
20-11-2015 19:00,2,14,20151120192
20-11-2015 20:00,2,13,20151120202
20-11-2015 21:00,2,14,20151120212
20-11-2015 22:00,2,7,20151120222
20-11-2015 23:00,2,8,20151120232
21-11-2015 00:00,2,12,20151121002
21-11-2015 01:00,2,7,20151121012
21-11-2015 02:00,2,9,20151121022
21-11-2015 03:00,2,8,20151121032
21-11-2015 04:00,2,8,20151121042
21-11-2015 05:00,2,5,20151121052
21-11-2015 06:00,2,5,20151121062
21-11-2015 07:00,2,12,20151121072
21-11-2015 08:00,2,6,20151121082
21-11-2015 09:00,2,4,20151121092
21-11-2015 10:00,2,8,20151121102
21-11-2015 11:00,2,7,20151121112
21-11-2015 12:00,2,10,20151121122
21-11-2015 13:00,2,6,20151121132
21-11-2015 14:00,2,1,20151121142
21-11-2015 15:00,2,4,20151121152
21-11-2015 16:00,2,5,20151121162
21-11-2015 17:00,2,5,20151121172
21-11-2015 18:00,2,6,20151121182
21-11-2015 19:00,2,8,20151121192
21-11-2015 20:00,2,7,20151121202
21-11-2015 21:00,2,7,20151121212
21-11-2015 22:00,2,7,20151121222
21-11-2015 23:00,2,18,20151121232
22-11-2015 00:00,2,5,20151122002
22-11-2015 01:00,2,6,20151122012
22-11-2015 02:00,2,7,20151122022
22-11-2015 03:00,2,9,20151122032
22-11-2015 04:00,2,6,20151122042
22-11-2015 05:00,2,5,20151122052
22-11-2015 06:00,2,6,20151122062
22-11-2015 07:00,2,3,20151122072
22-11-2015 08:00,2,7,20151122082
22-11-2015 09:00,2,20,20151122092
22-11-2015 10:00,2,5,20151122102
22-11-2015 11:00,2,7,20151122112
22-11-2015 12:00,2,7,20151122122
22-11-2015 13:00,2,4,20151122132
22-11-2015 14:00,2,1,20151122142
22-11-2015 15:00,2,7,20151122152
22-11-2015 16:00,2,9,20151122162
22-11-2015 17:00,2,10,20151122172
22-11-2015 18:00,2,10,20151122182
22-11-2015 19:00,2,11,20151122192
22-11-2015 20:00,2,8,20151122202
22-11-2015 21:00,2,10,20151122212
22-11-2015 22:00,2,8,20151122222
22-11-2015 23:00,2,9,20151122232
23-11-2015 00:00,2,11,20151123002
23-11-2015 01:00,2,7,20151123012
23-11-2015 02:00,2,7,20151123022
23-11-2015 03:00,2,6,20151123032
23-11-2015 04:00,2,6,20151123042
23-11-2015 05:00,2,9,20151123052
23-11-2015 06:00,2,4,20151123062
23-11-2015 07:00,2,5,20151123072
23-11-2015 08:00,2,7,20151123082
23-11-2015 09:00,2,16,20151123092
23-11-2015 10:00,2,9,20151123102
23-11-2015 11:00,2,10,20151123112
23-11-2015 12:00,2,11,20151123122
23-11-2015 13:00,2,11,20151123132
23-11-2015 14:00,2,1,20151123142
23-11-2015 15:00,2,13,20151123152
23-11-2015 16:00,2,13,20151123162
23-11-2015 17:00,2,13,20151123172
23-11-2015 18:00,2,14,20151123182
23-11-2015 19:00,2,16,20151123192
23-11-2015 20:00,2,12,20151123202
23-11-2015 21:00,2,10,20151123212
23-11-2015 22:00,2,12,20151123222
23-11-2015 23:00,2,12,20151123232
24-11-2015 00:00,2,7,20151124002
24-11-2015 01:00,2,9,20151124012
24-11-2015 02:00,2,10,20151124022
24-11-2015 03:00,2,10,20151124032
24-11-2015 04:00,2,6,20151124042
24-11-2015 05:00,2,6,20151124052
24-11-2015 06:00,2,9,20151124062
24-11-2015 07:00,2,9,20151124072
24-11-2015 08:00,2,7,20151124082
24-11-2015 09:00,2,11,20151124092
24-11-2015 10:00,2,10,20151124102
24-11-2015 11:00,2,9,20151124112
24-11-2015 12:00,2,12,20151124122
24-11-2015 13:00,2,8,20151124132
24-11-2015 14:00,2,1,20151124142
24-11-2015 15:00,2,11,20151124152
24-11-2015 16:00,2,10,20151124162
24-11-2015 17:00,2,11,20151124172
24-11-2015 18:00,2,16,20151124182
24-11-2015 19:00,2,11,20151124192
24-11-2015 20:00,2,8,20151124202
24-11-2015 21:00,2,13,20151124212
24-11-2015 22:00,2,11,20151124222
24-11-2015 23:00,2,9,20151124232
25-11-2015 00:00,2,8,20151125002
25-11-2015 01:00,2,6,20151125012
25-11-2015 02:00,2,9,20151125022
25-11-2015 03:00,2,6,20151125032
25-11-2015 04:00,2,8,20151125042
25-11-2015 05:00,2,4,20151125052
25-11-2015 06:00,2,7,20151125062
25-11-2015 07:00,2,9,20151125072
25-11-2015 08:00,2,5,20151125082
25-11-2015 09:00,2,7,20151125092
25-11-2015 10:00,2,10,20151125102
25-11-2015 11:00,2,10,20151125112
25-11-2015 12:00,2,11,20151125122
25-11-2015 13:00,2,10,20151125132
25-11-2015 14:00,2,1,20151125142
25-11-2015 15:00,2,13,20151125152
25-11-2015 16:00,2,9,20151125162
25-11-2015 17:00,2,9,20151125172
25-11-2015 18:00,2,9,20151125182
25-11-2015 19:00,2,9,20151125192
25-11-2015 20:00,2,14,20151125202
25-11-2015 21:00,2,15,20151125212
25-11-2015 22:00,2,8,20151125222
25-11-2015 23:00,2,7,20151125232
26-11-2015 00:00,2,11,20151126002
26-11-2015 01:00,2,8,20151126012
26-11-2015 02:00,2,8,20151126022
26-11-2015 03:00,2,6,20151126032
26-11-2015 04:00,2,7,20151126042
26-11-2015 05:00,2,5,20151126052
26-11-2015 06:00,2,7,20151126062
26-11-2015 07:00,2,6,20151126072
26-11-2015 08:00,2,10,20151126082
26-11-2015 09:00,2,8,20151126092
26-11-2015 10:00,2,11,20151126102
26-11-2015 11:00,2,11,20151126112
26-11-2015 12:00,2,11,20151126122
26-11-2015 13:00,2,13,20151126132
26-11-2015 14:00,2,1,20151126142
26-11-2015 15:00,2,17,20151126152
26-11-2015 16:00,2,12,20151126162
26-11-2015 17:00,2,12,20151126172
26-11-2015 18:00,2,13,20151126182
26-11-2015 19:00,2,11,20151126192
26-11-2015 20:00,2,11,20151126202
26-11-2015 21:00,2,12,20151126212
26-11-2015 22:00,2,8,20151126222
26-11-2015 23:00,2,7,20151126232
27-11-2015 00:00,2,11,20151127002
27-11-2015 01:00,2,6,20151127012
27-11-2015 02:00,2,7,20151127022
27-11-2015 03:00,2,7,20151127032
27-11-2015 04:00,2,4,20151127042
27-11-2015 05:00,2,5,20151127052
27-11-2015 06:00,2,3,20151127062
27-11-2015 07:00,2,7,20151127072
27-11-2015 08:00,2,8,20151127082
27-11-2015 09:00,2,12,20151127092
27-11-2015 10:00,2,9,20151127102
27-11-2015 11:00,2,8,20151127112
27-11-2015 12:00,2,7,20151127122
27-11-2015 13:00,2,7,20151127132
27-11-2015 14:00,2,1,20151127142
27-11-2015 15:00,2,1,20151127152
27-11-2015 16:00,2,10,20151127162
27-11-2015 17:00,2,9,20151127172
27-11-2015 18:00,2,15,20151127182
27-11-2015 19:00,2,13,20151127192
27-11-2015 20:00,2,13,20151127202
27-11-2015 21:00,2,11,20151127212
27-11-2015 22:00,2,10,20151127222
27-11-2015 23:00,2,8,20151127232
28-11-2015 00:00,2,11,20151128002
28-11-2015 01:00,2,6,20151128012
28-11-2015 02:00,2,6,20151128022
28-11-2015 03:00,2,8,20151128032
28-11-2015 04:00,2,8,20151128042
28-11-2015 05:00,2,5,20151128052
28-11-2015 06:00,2,9,20151128062
28-11-2015 07:00,2,4,20151128072
28-11-2015 08:00,2,7,20151128082
28-11-2015 09:00,2,8,20151128092
28-11-2015 10:00,2,8,20151128102
28-11-2015 11:00,2,10,20151128112
28-11-2015 12:00,2,10,20151128122
28-11-2015 13:00,2,8,20151128132
28-11-2015 14:00,2,1,20151128142
28-11-2015 15:00,2,6,20151128152
28-11-2015 16:00,2,6,20151128162
28-11-2015 17:00,2,6,20151128172
28-11-2015 18:00,2,7,20151128182
28-11-2015 19:00,2,17,20151128192
28-11-2015 20:00,2,14,20151128202
28-11-2015 21:00,2,11,20151128212
28-11-2015 22:00,2,13,20151128222
28-11-2015 23:00,2,9,20151128232
29-11-2015 00:00,2,12,20151129002
29-11-2015 01:00,2,10,20151129012
29-11-2015 02:00,2,9,20151129022
29-11-2015 03:00,2,8,20151129032
29-11-2015 04:00,2,3,20151129042
29-11-2015 05:00,2,9,20151129052
29-11-2015 06:00,2,4,20151129062
29-11-2015 07:00,2,8,20151129072
29-11-2015 08:00,2,10,20151129082
29-11-2015 09:00,2,7,20151129092
29-11-2015 10:00,2,6,20151129102
29-11-2015 11:00,2,9,20151129112
29-11-2015 12:00,2,9,20151129122
29-11-2015 13:00,2,7,20151129132
29-11-2015 14:00,2,1,20151129142
29-11-2015 15:00,2,5,20151129152
29-11-2015 16:00,2,8,20151129162
29-11-2015 17:00,2,12,20151129172
29-11-2015 18:00,2,10,20151129182
29-11-2015 19:00,2,8,20151129192
29-11-2015 20:00,2,11,20151129202
29-11-2015 21:00,2,9,20151129212
29-11-2015 22:00,2,11,20151129222
29-11-2015 23:00,2,8,20151129232
30-11-2015 00:00,2,7,20151130002
30-11-2015 01:00,2,9,20151130012
30-11-2015 02:00,2,8,20151130022
30-11-2015 03:00,2,8,20151130032
30-11-2015 04:00,2,9,20151130042
30-11-2015 05:00,2,7,20151130052
30-11-2015 06:00,2,4,20151130062
30-11-2015 07:00,2,8,20151130072
30-11-2015 08:00,2,9,20151130082
30-11-2015 09:00,2,10,20151130092
30-11-2015 10:00,2,11,20151130102
30-11-2015 11:00,2,10,20151130112
30-11-2015 12:00,2,13,20151130122
30-11-2015 13:00,2,7,20151130132
30-11-2015 14:00,2,1,20151130142
30-11-2015 15:00,2,11,20151130152
30-11-2015 16:00,2,14,20151130162
30-11-2015 17:00,2,16,20151130172
30-11-2015 18:00,2,8,20151130182
30-11-2015 19:00,2,13,20151130192
30-11-2015 20:00,2,14,20151130202
30-11-2015 21:00,2,10,20151130212
30-11-2015 22:00,2,13,20151130222
30-11-2015 23:00,2,12,20151130232
01-11-2015 00:00,3,9,20151101003
01-11-2015 01:00,3,7,20151101013
01-11-2015 02:00,3,5,20151101023
01-11-2015 03:00,3,1,20151101033
01-11-2015 04:00,3,2,20151101043
01-11-2015 05:00,3,2,20151101053
01-11-2015 06:00,3,3,20151101063
01-11-2015 07:00,3,4,20151101073
01-11-2015 08:00,3,3,20151101083
01-11-2015 09:00,3,6,20151101093
01-11-2015 10:00,3,12,20151101103
01-11-2015 11:00,3,1,20151101113
01-11-2015 12:00,3,6,20151101123
01-11-2015 13:00,3,9,20151101133
01-11-2015 14:00,3,1,20151101143
01-11-2015 15:00,3,6,20151101153
01-11-2015 16:00,3,4,20151101163
01-11-2015 17:00,3,4,20151101173
01-11-2015 18:00,3,6,20151101183
01-11-2015 19:00,3,5,20151101193
01-11-2015 20:00,3,11,20151101203
01-11-2015 21:00,3,8,20151101213
01-11-2015 22:00,3,6,20151101223
01-11-2015 23:00,3,5,20151101233
02-11-2015 00:00,3,5,20151102003
02-11-2015 01:00,3,3,20151102013
02-11-2015 02:00,3,5,20151102023
02-11-2015 03:00,3,5,20151102033
02-11-2015 04:00,3,3,20151102043
02-11-2015 05:00,3,1,20151102053
02-11-2015 06:00,3,5,20151102063
02-11-2015 07:00,3,1,20151102073
02-11-2015 08:00,3,5,20151102083
02-11-2015 09:00,3,8,20151102093
02-11-2015 10:00,3,10,20151102103
02-11-2015 11:00,3,10,20151102113
02-11-2015 12:00,3,11,20151102123
02-11-2015 13:00,3,7,20151102133
02-11-2015 14:00,3,6,20151102143
02-11-2015 15:00,3,9,20151102153
02-11-2015 16:00,3,6,20151102163
02-11-2015 17:00,3,6,20151102173
02-11-2015 18:00,3,8,20151102183
02-11-2015 19:00,3,7,20151102193
02-11-2015 20:00,3,13,20151102203
02-11-2015 21:00,3,15,20151102213
02-11-2015 22:00,3,9,20151102223
02-11-2015 23:00,3,8,20151102233
03-11-2015 00:00,3,10,20151103003
03-11-2015 01:00,3,4,20151103013
03-11-2015 02:00,3,7,20151103023
03-11-2015 03:00,3,5,20151103033
03-11-2015 04:00,3,4,20151103043
03-11-2015 05:00,3,4,20151103053
03-11-2015 06:00,3,3,20151103063
03-11-2015 07:00,3,5,20151103073
03-11-2015 08:00,3,6,20151103083
03-11-2015 09:00,3,6,20151103093
03-11-2015 10:00,3,10,20151103103
03-11-2015 11:00,3,8,20151103113
03-11-2015 12:00,3,10,20151103123
03-11-2015 13:00,3,5,20151103133
03-11-2015 14:00,3,8,20151103143
03-11-2015 15:00,3,8,20151103153
03-11-2015 16:00,3,5,20151103163
03-11-2015 17:00,3,7,20151103173
03-11-2015 18:00,3,4,20151103183
03-11-2015 19:00,3,7,20151103193
03-11-2015 20:00,3,6,20151103203
03-11-2015 21:00,3,6,20151103213
03-11-2015 22:00,3,9,20151103223
03-11-2015 23:00,3,3,20151103233
04-11-2015 00:00,3,2,20151104003
04-11-2015 01:00,3,6,20151104013
04-11-2015 02:00,3,3,20151104023
04-11-2015 03:00,3,6,20151104033
04-11-2015 04:00,3,1,20151104043
04-11-2015 05:00,3,6,20151104053
04-11-2015 06:00,3,2,20151104063
04-11-2015 07:00,3,3,20151104073
04-11-2015 08:00,3,5,20151104083
04-11-2015 09:00,3,5,20151104093
04-11-2015 10:00,3,3,20151104103
04-11-2015 11:00,3,4,20151104113
04-11-2015 12:00,3,7,20151104123
04-11-2015 13:00,3,5,20151104133
04-11-2015 14:00,3,5,20151104143
04-11-2015 15:00,3,7,20151104153
04-11-2015 16:00,3,9,20151104163
04-11-2015 17:00,3,8,20151104173
04-11-2015 18:00,3,7,20151104183
04-11-2015 19:00,3,6,20151104193
04-11-2015 20:00,3,8,20151104203
04-11-2015 21:00,3,5,20151104213
04-11-2015 22:00,3,4,20151104223
04-11-2015 23:00,3,4,20151104233
05-11-2015 00:00,3,6,20151105003
05-11-2015 01:00,3,3,20151105013
05-11-2015 02:00,3,1,20151105023
05-11-2015 03:00,3,2,20151105033
05-11-2015 04:00,3,1,20151105043
05-11-2015 05:00,3,4,20151105053
05-11-2015 06:00,3,4,20151105063
05-11-2015 07:00,3,4,20151105073
05-11-2015 08:00,3,4,20151105083
05-11-2015 09:00,3,5,20151105093
05-11-2015 10:00,3,5,20151105103
05-11-2015 11:00,3,2,20151105113
05-11-2015 12:00,3,7,20151105123
05-11-2015 13:00,3,6,20151105133
05-11-2015 14:00,3,5,20151105143
05-11-2015 15:00,3,4,20151105153
05-11-2015 16:00,3,4,20151105163
05-11-2015 17:00,3,6,20151105173
05-11-2015 18:00,3,8,20151105183
05-11-2015 19:00,3,4,20151105193
05-11-2015 20:00,3,6,20151105203
05-11-2015 21:00,3,5,20151105213
05-11-2015 22:00,3,4,20151105223
05-11-2015 23:00,3,6,20151105233
06-11-2015 00:00,3,3,20151106003
06-11-2015 01:00,3,3,20151106013
06-11-2015 02:00,3,2,20151106023
06-11-2015 03:00,3,3,20151106033
06-11-2015 04:00,3,1,20151106043
06-11-2015 05:00,3,3,20151106053
06-11-2015 06:00,3,2,20151106063
06-11-2015 07:00,3,5,20151106073
06-11-2015 08:00,3,3,20151106083
06-11-2015 09:00,3,7,20151106093
06-11-2015 10:00,3,2,20151106103
06-11-2015 11:00,3,6,20151106113
06-11-2015 12:00,3,23,20151106123
06-11-2015 13:00,3,3,20151106133
06-11-2015 14:00,3,7,20151106143
06-11-2015 15:00,3,3,20151106153
06-11-2015 16:00,3,5,20151106163
06-11-2015 17:00,3,5,20151106173
06-11-2015 18:00,3,8,20151106183
06-11-2015 19:00,3,6,20151106193
06-11-2015 20:00,3,2,20151106203
06-11-2015 21:00,3,17,20151106213
06-11-2015 22:00,3,6,20151106223
06-11-2015 23:00,3,6,20151106233
07-11-2015 00:00,3,3,20151107003
07-11-2015 01:00,3,6,20151107013
07-11-2015 02:00,3,3,20151107023
07-11-2015 03:00,3,4,20151107033
07-11-2015 04:00,3,5,20151107043
07-11-2015 05:00,3,21,20151107053
07-11-2015 06:00,3,1,20151107063
07-11-2015 07:00,3,2,20151107073
07-11-2015 08:00,3,2,20151107083
07-11-2015 09:00,3,2,20151107093
07-11-2015 10:00,3,3,20151107103
07-11-2015 11:00,3,18,20151107113
07-11-2015 12:00,3,4,20151107123
07-11-2015 13:00,3,3,20151107133
07-11-2015 14:00,3,9,20151107143
07-11-2015 15:00,3,3,20151107153
07-11-2015 16:00,3,5,20151107163
07-11-2015 17:00,3,14,20151107173
07-11-2015 18:00,3,4,20151107183
07-11-2015 19:00,3,5,20151107193
07-11-2015 20:00,3,7,20151107203
07-11-2015 21:00,3,3,20151107213
07-11-2015 22:00,3,6,20151107223
07-11-2015 23:00,3,13,20151107233
08-11-2015 00:00,3,4,20151108003
08-11-2015 01:00,3,6,20151108013
08-11-2015 02:00,3,3,20151108023
08-11-2015 03:00,3,3,20151108033
08-11-2015 04:00,3,5,20151108043
08-11-2015 05:00,3,13,20151108053
08-11-2015 06:00,3,2,20151108063
08-11-2015 07:00,3,5,20151108073
08-11-2015 08:00,3,5,20151108083
08-11-2015 09:00,3,6,20151108093
08-11-2015 10:00,3,10,20151108103
08-11-2015 11:00,3,11,20151108113
08-11-2015 12:00,3,3,20151108123
08-11-2015 13:00,3,3,20151108133
08-11-2015 14:00,3,6,20151108143
08-11-2015 15:00,3,4,20151108153
08-11-2015 16:00,3,2,20151108163
08-11-2015 17:00,3,21,20151108173
08-11-2015 18:00,3,7,20151108183
08-11-2015 19:00,3,6,20151108193
08-11-2015 20:00,3,5,20151108203
08-11-2015 21:00,3,6,20151108213
08-11-2015 22:00,3,6,20151108223
08-11-2015 23:00,3,3,20151108233
09-11-2015 00:00,3,3,20151109003
09-11-2015 01:00,3,15,20151109013
09-11-2015 02:00,3,2,20151109023
09-11-2015 03:00,3,6,20151109033
09-11-2015 04:00,3,2,20151109043
09-11-2015 05:00,3,5,20151109053
09-11-2015 06:00,3,5,20151109063
09-11-2015 07:00,3,2,20151109073
09-11-2015 08:00,3,6,20151109083
09-11-2015 09:00,3,7,20151109093
09-11-2015 10:00,3,5,20151109103
09-11-2015 11:00,3,5,20151109113
09-11-2015 12:00,3,6,20151109123
09-11-2015 13:00,3,4,20151109133
09-11-2015 14:00,3,6,20151109143
09-11-2015 15:00,3,3,20151109153
09-11-2015 16:00,3,4,20151109163
09-11-2015 17:00,3,4,20151109173
09-11-2015 18:00,3,16,20151109183
09-11-2015 19:00,3,8,20151109193
09-11-2015 20:00,3,6,20151109203
09-11-2015 21:00,3,5,20151109213
09-11-2015 22:00,3,8,20151109223
09-11-2015 23:00,3,8,20151109233
10-11-2015 00:00,3,12,20151110003
10-11-2015 01:00,3,6,20151110013
10-11-2015 02:00,3,7,20151110023
10-11-2015 03:00,3,4,20151110033
10-11-2015 04:00,3,6,20151110043
10-11-2015 05:00,3,7,20151110053
10-11-2015 06:00,3,3,20151110063
10-11-2015 07:00,3,6,20151110073
10-11-2015 08:00,3,4,20151110083
10-11-2015 09:00,3,6,20151110093
10-11-2015 10:00,3,5,20151110103
10-11-2015 11:00,3,5,20151110113
10-11-2015 12:00,3,2,20151110123
10-11-2015 13:00,3,4,20151110133
10-11-2015 14:00,3,7,20151110143
10-11-2015 15:00,3,6,20151110153
10-11-2015 16:00,3,4,20151110163
10-11-2015 17:00,3,10,20151110173
10-11-2015 18:00,3,2,20151110183
10-11-2015 19:00,3,5,20151110193
10-11-2015 20:00,3,7,20151110203
10-11-2015 21:00,3,9,20151110213
10-11-2015 22:00,3,6,20151110223
10-11-2015 23:00,3,7,20151110233
11-11-2015 00:00,3,6,20151111003
11-11-2015 01:00,3,5,20151111013
11-11-2015 02:00,3,12,20151111023
11-11-2015 03:00,3,5,20151111033
11-11-2015 04:00,3,6,20151111043
11-11-2015 05:00,3,2,20151111053
11-11-2015 06:00,3,4,20151111063
11-11-2015 07:00,3,3,20151111073
11-11-2015 08:00,3,2,20151111083
11-11-2015 09:00,3,6,20151111093
11-11-2015 10:00,3,11,20151111103
11-11-2015 11:00,3,3,20151111113
11-11-2015 12:00,3,6,20151111123
11-11-2015 13:00,3,5,20151111133
11-11-2015 14:00,3,6,20151111143
11-11-2015 15:00,3,4,20151111153
11-11-2015 16:00,3,4,20151111163
11-11-2015 17:00,3,6,20151111173
11-11-2015 18:00,3,5,20151111183
11-11-2015 19:00,3,6,20151111193
11-11-2015 20:00,3,5,20151111203
11-11-2015 21:00,3,8,20151111213
11-11-2015 22:00,3,2,20151111223
11-11-2015 23:00,3,13,20151111233
12-11-2015 00:00,3,6,20151112003
12-11-2015 01:00,3,5,20151112013
12-11-2015 02:00,3,4,20151112023
12-11-2015 03:00,3,3,20151112033
12-11-2015 04:00,3,5,20151112043
12-11-2015 05:00,3,16,20151112053
12-11-2015 06:00,3,1,20151112063
12-11-2015 07:00,3,5,20151112073
12-11-2015 08:00,3,5,20151112083
12-11-2015 09:00,3,2,20151112093
12-11-2015 10:00,3,5,20151112103
12-11-2015 11:00,3,14,20151112113
12-11-2015 12:00,3,6,20151112123
12-11-2015 13:00,3,6,20151112133
12-11-2015 14:00,3,3,20151112143
12-11-2015 15:00,3,8,20+C1717+D1721
12-11-2015 16:00,3,4,20151112163
12-11-2015 17:00,3,6,20151112173
12-11-2015 18:00,3,9,20151112183
12-11-2015 19:00,3,6,20151112193
12-11-2015 20:00,3,4,20151112203
12-11-2015 21:00,3,7,20151112213
12-11-2015 22:00,3,13,20151112223
12-11-2015 23:00,3,5,20151112233
13-11-2015 00:00,3,4,20151113003
13-11-2015 01:00,3,3,20151113013
13-11-2015 02:00,3,4,20151113023
13-11-2015 03:00,3,6,20151113033
13-11-2015 04:00,3,4,20151113043
13-11-2015 05:00,3,2,20151113053
13-11-2015 06:00,3,5,20151113063
13-11-2015 07:00,3,3,20151113073
13-11-2015 08:00,3,4,20151113083
13-11-2015 09:00,3,3,20151113093
13-11-2015 10:00,3,4,20151113103
13-11-2015 11:00,3,8,20151113113
13-11-2015 12:00,3,13,20151113123
13-11-2015 13:00,3,4,20151113133
13-11-2015 14:00,3,3,20151113143
13-11-2015 15:00,3,5,20151113153
13-11-2015 16:00,3,5,20151113163
13-11-2015 17:00,3,8,20151113173
13-11-2015 18:00,3,14,20151113183
13-11-2015 19:00,3,5,20151113193
13-11-2015 20:00,3,6,20151113203
13-11-2015 21:00,3,6,20151113213
13-11-2015 22:00,3,6,20151113223
13-11-2015 23:00,3,8,20151113233
14-11-2015 00:00,3,3,20151114003
14-11-2015 01:00,3,14,20151114013
14-11-2015 02:00,3,7,20151114023
14-11-2015 03:00,3,5,20151114033
14-11-2015 04:00,3,1,20151114043
14-11-2015 05:00,3,12,20151114053
14-11-2015 06:00,3,5,20151114063
14-11-2015 07:00,3,5,20151114073
14-11-2015 08:00,3,6,20151114083
14-11-2015 09:00,3,3,20151114093
14-11-2015 10:00,3,5,20151114103
14-11-2015 11:00,3,14,20151114113
14-11-2015 12:00,3,6,20151114123
14-11-2015 13:00,3,2,20151114133
14-11-2015 14:00,3,6,20151114143
14-11-2015 15:00,3,4,20151114153
14-11-2015 16:00,3,2,20151114163
14-11-2015 17:00,3,16,20151114173
14-11-2015 18:00,3,4,20151114183
14-11-2015 19:00,3,3,20151114193
14-11-2015 20:00,3,4,20151114203
14-11-2015 21:00,3,5,20151114213
14-11-2015 22:00,3,2,20151114223
14-11-2015 23:00,3,5,20151114233
15-11-2015 00:00,3,6,20151115003
15-11-2015 01:00,3,4,20151115013
15-11-2015 02:00,3,11,20151115023
15-11-2015 03:00,3,3,20151115033
15-11-2015 04:00,3,3,20151115043
15-11-2015 05:00,3,1,20151115053
15-11-2015 06:00,3,2,20151115063
15-11-2015 07:00,3,3,20151115073
15-11-2015 08:00,3,6,20151115083
15-11-2015 09:00,3,2,20151115093
15-11-2015 10:00,3,3,20151115103
15-11-2015 11:00,3,2,20151115113
15-11-2015 12:00,3,10,20151115123
15-11-2015 13:00,3,2,20151115133
15-11-2015 14:00,3,6,20151115143
15-11-2015 15:00,3,6,20151115153
15-11-2015 16:00,3,2,20151115163
15-11-2015 17:00,3,6,20151115173
15-11-2015 18:00,3,2,20151115183
15-11-2015 19:00,3,3,20151115193
15-11-2015 20:00,3,5,20151115203
15-11-2015 21:00,3,5,20151115213
15-11-2015 22:00,3,2,20151115223
15-11-2015 23:00,3,4,20151115233
16-11-2015 00:00,3,6,20151116003
16-11-2015 01:00,3,5,20151116013
16-11-2015 02:00,3,1,20151116023
16-11-2015 03:00,3,5,20151116033
16-11-2015 04:00,3,1,20151116043
16-11-2015 05:00,3,4,20151116053
16-11-2015 06:00,3,3,20151116063
16-11-2015 07:00,3,15,20151116073
16-11-2015 08:00,3,2,20151116083
16-11-2015 09:00,3,3,20151116093
16-11-2015 10:00,3,5,20151116103
16-11-2015 11:00,3,7,20151116113
16-11-2015 12:00,3,6,20151116123
16-11-2015 13:00,3,4,20151116133
16-11-2015 14:00,3,6,20151116143
16-11-2015 15:00,3,8,20151116153
16-11-2015 16:00,3,11,20151116163
16-11-2015 17:00,3,13,20151116173
16-11-2015 18:00,3,5,20151116183
16-11-2015 19:00,3,12,20151116193
16-11-2015 20:00,3,8,20151116203
16-11-2015 21:00,3,7,20151116213
16-11-2015 22:00,3,9,20151116223
16-11-2015 23:00,3,6,20151116233
17-11-2015 00:00,3,12,20151117003
17-11-2015 01:00,3,11,20151117013
17-11-2015 02:00,3,4,20151117023
17-11-2015 03:00,3,6,20151117033
17-11-2015 04:00,3,4,20151117043
17-11-2015 05:00,3,3,20151117053
17-11-2015 06:00,3,4,20151117063
17-11-2015 07:00,3,7,20151117073
17-11-2015 08:00,3,6,20151117083
17-11-2015 09:00,3,7,20151117093
17-11-2015 10:00,3,8,20151117103
17-11-2015 11:00,3,7,20151117113
17-11-2015 12:00,3,9,20151117123
17-11-2015 13:00,3,4,20151117133
17-11-2015 14:00,3,6,20151117143
17-11-2015 15:00,3,13,20151117153
17-11-2015 16:00,3,8,20151117163
17-11-2015 17:00,3,7,20151117173
17-11-2015 18:00,3,6,20151117183
17-11-2015 19:00,3,8,20151117193
17-11-2015 20:00,3,5,20151117203
17-11-2015 21:00,3,8,20151117213
17-11-2015 22:00,3,10,20151117223
17-11-2015 23:00,3,6,20151117233
18-11-2015 00:00,3,4,20151118003
18-11-2015 01:00,3,6,20151118013
18-11-2015 02:00,3,2,20151118023
18-11-2015 03:00,3,4,20151118033
18-11-2015 04:00,3,4,20151118043
18-11-2015 05:00,3,5,20151118053
18-11-2015 06:00,3,5,20151118063
18-11-2015 07:00,3,5,20151118073
18-11-2015 08:00,3,1,20151118083
18-11-2015 09:00,3,8,20151118093
18-11-2015 10:00,3,29,20151118103
18-11-2015 11:00,3,29,20151118113
18-11-2015 12:00,3,18,20151118123
18-11-2015 13:00,3,16,20151118133
18-11-2015 14:00,3,19,20151118143
18-11-2015 15:00,3,17,20151118153
18-11-2015 16:00,3,15,20151118163
18-11-2015 17:00,3,25,20151118173
18-11-2015 18:00,3,32,20151118183
18-11-2015 19:00,3,34,20151118193
18-11-2015 20:00,3,30,20151118203
18-11-2015 21:00,3,25,20151118213
18-11-2015 22:00,3,23,20151118223
18-11-2015 23:00,3,16,20151118233
19-11-2015 00:00,3,14,20151119003
19-11-2015 01:00,3,11,20151119013
19-11-2015 02:00,3,7,20151119023
19-11-2015 03:00,3,8,20151119033
19-11-2015 04:00,3,6,20151119043
19-11-2015 05:00,3,4,20151119053
19-11-2015 06:00,3,7,20151119063
19-11-2015 07:00,3,6,20151119073
19-11-2015 08:00,3,7,20151119083
19-11-2015 09:00,3,15,20151119093
19-11-2015 10:00,3,14,20151119103
19-11-2015 11:00,3,16,20151119113
19-11-2015 12:00,3,20,20151119123
19-11-2015 13:00,3,24,20151119133
19-11-2015 14:00,3,35,20151119143
19-11-2015 15:00,3,39,20151119153
19-11-2015 16:00,3,39,20151119163
19-11-2015 17:00,3,23,20151119173
19-11-2015 18:00,3,23,20151119183
19-11-2015 19:00,3,22,20151119193
19-11-2015 20:00,3,20,20151119203
19-11-2015 21:00,3,18,20151119213
19-11-2015 22:00,3,18,20151119223
19-11-2015 23:00,3,24,20151119233
20-11-2015 00:00,3,31,20151120003
20-11-2015 01:00,3,18,20151120013
20-11-2015 02:00,3,13,20151120023
20-11-2015 03:00,3,7,20151120033
20-11-2015 04:00,3,9,20151120043
20-11-2015 05:00,3,9,20151120053
20-11-2015 06:00,3,13,20151120063
20-11-2015 07:00,3,12,20151120073
20-11-2015 08:00,3,15,20151120083
20-11-2015 09:00,3,21,20151120093
20-11-2015 10:00,3,31,20151120103
20-11-2015 11:00,3,26,20151120113
20-11-2015 12:00,3,30,20151120123
20-11-2015 13:00,3,26,20151120133
20-11-2015 14:00,3,21,20151120143
20-11-2015 15:00,3,26,20151120153
20-11-2015 16:00,3,24,20151120163
20-11-2015 17:00,3,17,20151120173
20-11-2015 18:00,3,16,20151120183
20-11-2015 19:00,3,17,20151120193
20-11-2015 20:00,3,19,20151120203
20-11-2015 21:00,3,19,20151120213
20-11-2015 22:00,3,18,20151120223
20-11-2015 23:00,3,22,20151120233
21-11-2015 00:00,3,15,20151121003
21-11-2015 01:00,3,8,20151121013
21-11-2015 02:00,3,7,20151121023
21-11-2015 03:00,3,7,20151121033
21-11-2015 04:00,3,7,20151121043
21-11-2015 05:00,3,5,20151121053
21-11-2015 06:00,3,6,20151121063
21-11-2015 07:00,3,7,20151121073
21-11-2015 08:00,3,7,20151121083
21-11-2015 09:00,3,12,20151121093
21-11-2015 10:00,3,13,20151121103
21-11-2015 11:00,3,15,20151121113
21-11-2015 12:00,3,17,20151121123
21-11-2015 13:00,3,15,20151121133
21-11-2015 14:00,3,16,20151121143
21-11-2015 15:00,3,22,20151121153
21-11-2015 16:00,3,13,20151121163
21-11-2015 17:00,3,12,20151121173
21-11-2015 18:00,3,13,20151121183
21-11-2015 19:00,3,15,20151121193
21-11-2015 20:00,3,16,20151121203
21-11-2015 21:00,3,11,20151121213
21-11-2015 22:00,3,16,20151121223
21-11-2015 23:00,3,13,20151121233
22-11-2015 00:00,3,10,20151122003
22-11-2015 01:00,3,7,20151122013
22-11-2015 02:00,3,10,20151122023
22-11-2015 03:00,3,9,20151122033
22-11-2015 04:00,3,4,20151122043
22-11-2015 05:00,3,3,20151122053
22-11-2015 06:00,3,5,20151122063
22-11-2015 07:00,3,8,20151122073
22-11-2015 08:00,3,6,20151122083
22-11-2015 09:00,3,11,20151122093
22-11-2015 10:00,3,12,20151122103
22-11-2015 11:00,3,13,20151122113
22-11-2015 12:00,3,16,20151122123
22-11-2015 13:00,3,12,20151122133
22-11-2015 14:00,3,14,20151122143
22-11-2015 15:00,3,12,20151122153
22-11-2015 16:00,3,13,20151122163
22-11-2015 17:00,3,15,20151122173
22-11-2015 18:00,3,17,20151122183
22-11-2015 19:00,3,18,20151122193
22-11-2015 20:00,3,14,20151122203
22-11-2015 21:00,3,19,20151122213
22-11-2015 22:00,3,20,20151122223
22-11-2015 23:00,3,19,20151122233
23-11-2015 00:00,3,18,20151123003
23-11-2015 01:00,3,6,20151123013
23-11-2015 02:00,3,6,20151123023
23-11-2015 03:00,3,7,20151123033
23-11-2015 04:00,3,3,20151123043
23-11-2015 05:00,3,6,20151123053
23-11-2015 06:00,3,6,20151123063
23-11-2015 07:00,3,7,20151123073
23-11-2015 08:00,3,11,20151123083
23-11-2015 09:00,3,11,20151123093
23-11-2015 10:00,3,14,20151123103
23-11-2015 11:00,3,14,20151123113
23-11-2015 12:00,3,14,20151123123
23-11-2015 13:00,3,10,20151123133
23-11-2015 14:00,3,13,20151123143
23-11-2015 15:00,3,12,20151123153
23-11-2015 16:00,3,10,20151123163
23-11-2015 17:00,3,15,20151123173
23-11-2015 18:00,3,9,20151123183
23-11-2015 19:00,3,13,20151123193
23-11-2015 20:00,3,9,20151123203
23-11-2015 21:00,3,8,20151123213
23-11-2015 22:00,3,10,20151123223
23-11-2015 23:00,3,6,20151123233
24-11-2015 00:00,3,8,20151124003
24-11-2015 01:00,3,5,20151124013
24-11-2015 02:00,3,7,20151124023
24-11-2015 03:00,3,4,20151124033
24-11-2015 04:00,3,5,20151124043
24-11-2015 05:00,3,5,20151124053
24-11-2015 06:00,3,2,20151124063
24-11-2015 07:00,3,6,20151124073
24-11-2015 08:00,3,7,20151124083
24-11-2015 09:00,3,4,20151124093
24-11-2015 10:00,3,10,20151124103
24-11-2015 11:00,3,8,20151124113
24-11-2015 12:00,3,8,20151124123
24-11-2015 13:00,3,4,20151124133
24-11-2015 14:00,3,7,20151124143
24-11-2015 15:00,3,3,20151124153
24-11-2015 16:00,3,7,20151124163
24-11-2015 17:00,3,7,20151124173
24-11-2015 18:00,3,14,20151124183
24-11-2015 19:00,3,9,20151124193
24-11-2015 20:00,3,3,20151124203
24-11-2015 21:00,3,4,20151124213
24-11-2015 22:00,3,6,20151124223
24-11-2015 23:00,3,4,20151124233
25-11-2015 00:00,3,6,20151125003
25-11-2015 01:00,3,4,20151125013
25-11-2015 02:00,3,6,20151125023
25-11-2015 03:00,3,2,20151125033
25-11-2015 04:00,3,4,20151125043
25-11-2015 05:00,3,4,20151125053
25-11-2015 06:00,3,3,20151125063
25-11-2015 07:00,3,2,20151125073
25-11-2015 08:00,3,3,20151125083
25-11-2015 09:00,3,4,20151125093
25-11-2015 10:00,3,3,20151125103
25-11-2015 11:00,3,6,20151125113
25-11-2015 12:00,3,18,20151125123
25-11-2015 13:00,3,3,20151125133
25-11-2015 14:00,3,6,20151125143
25-11-2015 15:00,3,4,20151125153
25-11-2015 16:00,3,4,20151125163
25-11-2015 17:00,3,8,20151125173
25-11-2015 18:00,3,19,20151125183
25-11-2015 19:00,3,3,20151125193
25-11-2015 20:00,3,5,20151125203
25-11-2015 21:00,3,7,20151125213
25-11-2015 22:00,3,4,20151125223
25-11-2015 23:00,3,3,20151125233
26-11-2015 00:00,3,5,20151126003
26-11-2015 01:00,3,2,20151126013
26-11-2015 02:00,3,5,20151126023
26-11-2015 03:00,3,10,20151126033
26-11-2015 04:00,3,5,20151126043
26-11-2015 05:00,3,5,20151126053
26-11-2015 06:00,3,8,20151126063
26-11-2015 07:00,3,5,20151126073
26-11-2015 08:00,3,2,20151126083
26-11-2015 09:00,3,6,20151126093
26-11-2015 10:00,3,5,20151126103
26-11-2015 11:00,3,4,20151126113
26-11-2015 12:00,3,19,20151126123
26-11-2015 13:00,3,6,20151126133
26-11-2015 14:00,3,8,20151126143
26-11-2015 15:00,3,8,20151126153
26-11-2015 16:00,3,7,20151126163
26-11-2015 17:00,3,7,20151126173
26-11-2015 18:00,3,6,20151126183
26-11-2015 19:00,3,7,20151126193
26-11-2015 20:00,3,19,20151126203
26-11-2015 21:00,3,4,20151126213
26-11-2015 22:00,3,3,20151126223
26-11-2015 23:00,3,6,20151126233
27-11-2015 00:00,3,3,20151127003
27-11-2015 01:00,3,6,20151127013
27-11-2015 02:00,3,2,20151127023
27-11-2015 03:00,3,1,20151127033
27-11-2015 04:00,3,3,20151127043
27-11-2015 05:00,3,11,20151127053
27-11-2015 06:00,3,3,20151127063
27-11-2015 07:00,3,5,20151127073
27-11-2015 08:00,3,7,20151127083
27-11-2015 09:00,3,6,20151127093
27-11-2015 10:00,3,5,20151127103
27-11-2015 11:00,3,7,20151127113
27-11-2015 12:00,3,5,20151127123
27-11-2015 13:00,3,6,20151127133
27-11-2015 14:00,3,5,20151127143
27-11-2015 15:00,3,16,20151127153
27-11-2015 16:00,3,4,20151127163
27-11-2015 17:00,3,4,20151127173
27-11-2015 18:00,3,6,20151127183
27-11-2015 19:00,3,6,20151127193
27-11-2015 20:00,3,5,20151127203
27-11-2015 21:00,3,4,20151127213
27-11-2015 22:00,3,8,20151127223
27-11-2015 23:00,3,15,20151127233
28-11-2015 00:00,3,4,20151128003
28-11-2015 01:00,3,3,20151128013
28-11-2015 02:00,3,5,20151128023
28-11-2015 03:00,3,2,20151128033
28-11-2015 04:00,3,4,20151128043
28-11-2015 05:00,3,5,20151128053
28-11-2015 06:00,3,6,20151128063
28-11-2015 07:00,3,1,20151128073
28-11-2015 08:00,3,1,20151128083
28-11-2015 09:00,3,5,20151128093
28-11-2015 10:00,3,9,20151128103
28-11-2015 11:00,3,5,20151128113
28-11-2015 12:00,3,5,20151128123
28-11-2015 13:00,3,15,20151128133
28-11-2015 14:00,3,9,20151128143
28-11-2015 15:00,3,3,20151128153
28-11-2015 16:00,3,6,20151128163
28-11-2015 17:00,3,1,20151128173
28-11-2015 18:00,3,6,20151128183
28-11-2015 19:00,3,4,20151128193
28-11-2015 20:00,3,3,20151128203
28-11-2015 21:00,3,3,20151128213
28-11-2015 22:00,3,4,20151128223
28-11-2015 23:00,3,14,20151128233
29-11-2015 00:00,3,2,20151129003
29-11-2015 01:00,3,5,20151129013
29-11-2015 02:00,3,3,20151129023
29-11-2015 03:00,3,6,20151129033
29-11-2015 04:00,3,2,20151129043
29-11-2015 05:00,3,3,20151129053
29-11-2015 06:00,3,5,20151129063
29-11-2015 07:00,3,19,20151129073
29-11-2015 08:00,3,5,20151129083
29-11-2015 09:00,3,6,20151129093
29-11-2015 10:00,3,3,20151129103
29-11-2015 11:00,3,5,20151129113
29-11-2015 12:00,3,2,20151129123
29-11-2015 13:00,3,2,20151129133
29-11-2015 14:00,3,5,20151129143
29-11-2015 15:00,3,13,20151129153
29-11-2015 16:00,3,6,20151129163
29-11-2015 17:00,3,5,20151129173
29-11-2015 18:00,3,4,20151129183
29-11-2015 19:00,3,5,20151129193
29-11-2015 20:00,3,3,20151129203
29-11-2015 21:00,3,5,20151129213
29-11-2015 22:00,3,4,20151129223
29-11-2015 23:00,3,3,20151129233
30-11-2015 00:00,3,5,20151130003
30-11-2015 01:00,3,2,20151130013
30-11-2015 02:00,3,4,20151130023
30-11-2015 03:00,3,5,20151130033
30-11-2015 04:00,3,5,20151130043
30-11-2015 05:00,3,1,20151130053
30-11-2015 06:00,3,11,20151130063
30-11-2015 07:00,3,2,20151130073
30-11-2015 08:00,3,2,20151130083
30-11-2015 09:00,3,6,20151130093
30-11-2015 10:00,3,8,20151130103
30-11-2015 11:00,3,6,20151130113
30-11-2015 12:00,3,10,20151130123
30-11-2015 13:00,3,5,20151130133
30-11-2015 14:00,3,3,20151130143
30-11-2015 15:00,3,6,20151130153
30-11-2015 16:00,3,7,20151130163
30-11-2015 17:00,3,7,20151130173
30-11-2015 18:00,3,15,20151130183
30-11-2015 19:00,3,7,20151130193
30-11-2015 20:00,3,5,20151130203
30-11-2015 21:00,3,3,20151130213
30-11-2015 22:00,3,6,20151130223
30-11-2015 23:00,3,2,20151130233
01-11-2015 00:00,4,3,20170101004
01-11-2015 01:00,4,1,20170101014
01-11-2015 02:00,4,4,20170101024
01-11-2015 03:00,4,4,20170101034
01-11-2015 04:00,4,6,20170101044
01-11-2015 05:00,4,1,20170101054
01-11-2015 06:00,4,1,20170101064
01-11-2015 07:00,4,4,20170101074
01-11-2015 08:00,4,4,20170101084
01-11-2015 09:00,4,2,20170101094
01-11-2015 10:00,4,2,20170101104
01-11-2015 11:00,4,5,20170101114
01-11-2015 12:00,4,4,20170101124
01-11-2015 13:00,4,6,20170101134
01-11-2015 14:00,4,4,20170101144
01-11-2015 15:00,4,3,20170101154
01-11-2015 16:00,4,6,20170101164
01-11-2015 17:00,4,6,20170101174
01-11-2015 18:00,4,2,20170101184
01-11-2015 19:00,4,3,20170101194
01-11-2015 20:00,4,8,20170101204
01-11-2015 21:00,4,6,20170101214
01-11-2015 22:00,4,4,20170101224
01-11-2015 23:00,4,8,20170101234
02-11-2015 00:00,4,7,20170102004
02-11-2015 01:00,4,5,20170102014
02-11-2015 02:00,4,3,20170102024
02-11-2015 03:00,4,16,20170102034
02-11-2015 04:00,4,2,20170102044
02-11-2015 05:00,4,5,20170102054
02-11-2015 06:00,4,4,20170102064
02-11-2015 07:00,4,3,20170102074
02-11-2015 08:00,4,3,20170102084
02-11-2015 09:00,4,5,20170102094
02-11-2015 10:00,4,10,20170102104
02-11-2015 11:00,4,8,20170102114
02-11-2015 12:00,4,8,20170102124
02-11-2015 13:00,4,6,20170102134
02-11-2015 14:00,4,10,20170102144
02-11-2015 15:00,4,13,20170102154
02-11-2015 16:00,4,4,20170102164
02-11-2015 17:00,4,10,20170102174
02-11-2015 18:00,4,7,20170102184
02-11-2015 19:00,4,10,20170102194
02-11-2015 20:00,4,7,20170102204
02-11-2015 21:00,4,7,20170102214
02-11-2015 22:00,4,17,20170102224
02-11-2015 23:00,4,13,20170102234
03-11-2015 00:00,4,9,20170103004
03-11-2015 01:00,4,5,20170103014
03-11-2015 02:00,4,6,20170103024
03-11-2015 03:00,4,18,20170103034
03-11-2015 04:00,4,4,20170103044
03-11-2015 05:00,4,3,20170103054
03-11-2015 06:00,4,5,20170103064
03-11-2015 07:00,4,3,20170103074
03-11-2015 08:00,4,8,20170103084
03-11-2015 09:00,4,7,20170103094
03-11-2015 10:00,4,10,20170103104
03-11-2015 11:00,4,11,20170103114
03-11-2015 12:00,4,2,20170103124
03-11-2015 13:00,4,3,20170103134
03-11-2015 14:00,4,12,20170103144
03-11-2015 15:00,4,6,20170103154
03-11-2015 16:00,4,11,20170103164
03-11-2015 17:00,4,12,20170103174
03-11-2015 18:00,4,7,20170103184
03-11-2015 19:00,4,15,20170103194
03-11-2015 20:00,4,10,20170103204
03-11-2015 21:00,4,8,20170103214
03-11-2015 22:00,4,11,20170103224
03-11-2015 23:00,4,9,20170103234
04-11-2015 00:00,4,11,20170104004
04-11-2015 01:00,4,6,20170104014
04-11-2015 02:00,4,8,20170104024
04-11-2015 03:00,4,18,20170104034
04-11-2015 04:00,4,15,20170104044
04-11-2015 05:00,4,3,20170104054
04-11-2015 06:00,4,2,20170104064
04-11-2015 07:00,4,2,20170104074
04-11-2015 08:00,4,6,20170104084
04-11-2015 09:00,4,14,20170104094
04-11-2015 10:00,4,8,20170104104
04-11-2015 11:00,4,9,20170104114
04-11-2015 12:00,4,8,20170104124
04-11-2015 13:00,4,11,20170104134
04-11-2015 14:00,4,8,20170104144
04-11-2015 15:00,4,9,20170104154
04-11-2015 16:00,4,11,20170104164
04-11-2015 17:00,4,12,20170104174
04-11-2015 18:00,4,9,20170104184
04-11-2015 19:00,4,7,20170104194
04-11-2015 20:00,4,11,20170104204
04-11-2015 21:00,4,17,20170104214
04-11-2015 22:00,4,14,20170104224
04-11-2015 23:00,4,12,20170104234
05-11-2015 00:00,4,15,20170105004
05-11-2015 01:00,4,12,20170105014
05-11-2015 02:00,4,8,20170105024
05-11-2015 03:00,4,6,20170105034
05-11-2015 04:00,4,4,20170105044
05-11-2015 05:00,4,6,20170105054
05-11-2015 06:00,4,17,20170105064
05-11-2015 07:00,4,3,20170105074
05-11-2015 08:00,4,9,20170105084
05-11-2015 09:00,4,7,20170105094
05-11-2015 10:00,4,4,20170105104
05-11-2015 11:00,4,14,20170105114
05-11-2015 12:00,4,13,20170105124
05-11-2015 13:00,4,15,20170105134
05-11-2015 14:00,4,13,20170105144
05-11-2015 15:00,4,6,20170105154
05-11-2015 16:00,4,11,20170105164
05-11-2015 17:00,4,7,20170105174
05-11-2015 18:00,4,9,20170105184
05-11-2015 19:00,4,5,20170105194
05-11-2015 20:00,4,10,20170105204
05-11-2015 21:00,4,10,20170105214
05-11-2015 22:00,4,5,20170105224
05-11-2015 23:00,4,11,20170105234
06-11-2015 00:00,4,6,20170106004
06-11-2015 01:00,4,6,20170106014
06-11-2015 02:00,4,17,20170106024
06-11-2015 03:00,4,7,20170106034
06-11-2015 04:00,4,3,20170106044
06-11-2015 05:00,4,3,20170106054
06-11-2015 06:00,4,3,20170106064
06-11-2015 07:00,4,2,20170106074
06-11-2015 08:00,4,16,20170106084
06-11-2015 09:00,4,5,20170106094
06-11-2015 10:00,4,3,20170106104
06-11-2015 11:00,4,5,20170106114
06-11-2015 12:00,4,10,20170106124
06-11-2015 13:00,4,15,20170106134
06-11-2015 14:00,4,12,20170106144
06-11-2015 15:00,4,12,20170106154
06-11-2015 16:00,4,2,20170106164
06-11-2015 17:00,4,7,20170106174
06-11-2015 18:00,4,12,20170106184
06-11-2015 19:00,4,9,20170106194
06-11-2015 20:00,4,10,20170106204
06-11-2015 21:00,4,5,20170106214
06-11-2015 22:00,4,6,20170106224
06-11-2015 23:00,4,7,20170106234
07-11-2015 00:00,4,11,20170107004
07-11-2015 01:00,4,4,20170107014
07-11-2015 02:00,4,5,20170107024
07-11-2015 03:00,4,14,20170107034
07-11-2015 04:00,4,3,20170107044
07-11-2015 05:00,4,3,20170107054
07-11-2015 06:00,4,5,20170107064
07-11-2015 07:00,4,5,20170107074
07-11-2015 08:00,4,4,20170107084
07-11-2015 09:00,4,6,20170107094
07-11-2015 10:00,4,7,20170107104
07-11-2015 11:00,4,7,20170107114
07-11-2015 12:00,4,8,20170107124
07-11-2015 13:00,4,8,20170107134
07-11-2015 14:00,4,17,20170107144
07-11-2015 15:00,4,7,20170107154
07-11-2015 16:00,4,5,20170107164
07-11-2015 17:00,4,11,20170107174
07-11-2015 18:00,4,10,20170107184
07-11-2015 19:00,4,14,20170107194
07-11-2015 20:00,4,12,20170107204
07-11-2015 21:00,4,15,20170107214
07-11-2015 22:00,4,11,20170107224
07-11-2015 23:00,4,11,20170107234
08-11-2015 00:00,4,8,20170108004
08-11-2015 01:00,4,8,20170108014
08-11-2015 02:00,4,4,20170108024
08-11-2015 03:00,4,13,20170108034
08-11-2015 04:00,4,2,20170108044
08-11-2015 05:00,4,14,20170108054
08-11-2015 06:00,4,4,20170108064
08-11-2015 07:00,4,3,20170108074
08-11-2015 08:00,4,6,20170108084
08-11-2015 09:00,4,6,20170108094
08-11-2015 10:00,4,4,20170108104
08-11-2015 11:00,4,16,20170108114
08-11-2015 12:00,4,9,20170108124
08-11-2015 13:00,4,9,20170108134
08-11-2015 14:00,4,7,20170108144
08-11-2015 15:00,4,10,20170108154
08-11-2015 16:00,4,9,20170108164
08-11-2015 17:00,4,17,20170108174
08-11-2015 18:00,4,4,20170108184
08-11-2015 19:00,4,8,20170108194
08-11-2015 20:00,4,9,20170108204
08-11-2015 21:00,4,19,20170108214
08-11-2015 22:00,4,9,20170108224
08-11-2015 23:00,4,9,20170108234
09-11-2015 00:00,4,9,20170109004
09-11-2015 01:00,4,19,20170109014
09-11-2015 02:00,4,6,20170109024
09-11-2015 03:00,4,5,20170109034
09-11-2015 04:00,4,7,20170109044
09-11-2015 05:00,4,6,20170109054
09-11-2015 06:00,4,17,20170109064
09-11-2015 07:00,4,4,20170109074
09-11-2015 08:00,4,5,20170109084
09-11-2015 09:00,4,7,20170109094
09-11-2015 10:00,4,12,20170109104
09-11-2015 11:00,4,13,20170109114
09-11-2015 12:00,4,13,20170109124
09-11-2015 13:00,4,9,20170109134
09-11-2015 14:00,4,9,20170109144
09-11-2015 15:00,4,7,20170109154
09-11-2015 16:00,4,13,20170109164
09-11-2015 17:00,4,7,20170109174
09-11-2015 18:00,4,10,20170109184
09-11-2015 19:00,4,7,20170109194
09-11-2015 20:00,4,5,20170109204
09-11-2015 21:00,4,7,20170109214
09-11-2015 22:00,4,10,20170109224
09-11-2015 23:00,4,9,20170109234
10-11-2015 00:00,4,8,20170110004
10-11-2015 01:00,4,8,20170110014
10-11-2015 02:00,4,7,20170110024
10-11-2015 03:00,4,7,20170110034
10-11-2015 04:00,4,3,20170110044
10-11-2015 05:00,4,3,20170110054
10-11-2015 06:00,4,25,20170110064
10-11-2015 07:00,4,5,20170110074
10-11-2015 08:00,4,7,20170110084
10-11-2015 09:00,4,6,20170110094
10-11-2015 10:00,4,8,20170110104
10-11-2015 11:00,4,11,20170110114
10-11-2015 12:00,4,8,20170110124
10-11-2015 13:00,4,10,20170110134
10-11-2015 14:00,4,13,20170110144
10-11-2015 15:00,4,11,20170110154
10-11-2015 16:00,4,10,20170110164
10-11-2015 17:00,4,10,20170110174
10-11-2015 18:00,4,4,20170110184
10-11-2015 19:00,4,16,20170110194
10-11-2015 20:00,4,13,20170110204
10-11-2015 21:00,4,14,20170110214
10-11-2015 22:00,4,15,20170110224
10-11-2015 23:00,4,12,20170110234
11-11-2015 00:00,4,12,20170111004
11-11-2015 01:00,4,9,20170111014
11-11-2015 02:00,4,5,20170111024
11-11-2015 03:00,4,18,20170111034
11-11-2015 04:00,4,3,20170111044
11-11-2015 05:00,4,11,20170111054
11-11-2015 06:00,4,4,20170111064
11-11-2015 07:00,4,16,20170111074
11-11-2015 08:00,4,3,20170111084
11-11-2015 09:00,4,10,20170111094
11-11-2015 10:00,4,10,20170111104
11-11-2015 11:00,4,9,20170111114
11-11-2015 12:00,4,11,20170111124
11-11-2015 13:00,4,10,20170111134
11-11-2015 14:00,4,9,20170111144
11-11-2015 15:00,4,5,20170111154
11-11-2015 16:00,4,6,20170111164
11-11-2015 17:00,4,6,20170111174
11-11-2015 18:00,4,11,20170111184
11-11-2015 19:00,4,1,20170111194
11-11-2015 20:00,4,11,20170111204
11-11-2015 21:00,4,12,20170111214
11-11-2015 22:00,4,13,20170111224
11-11-2015 23:00,4,5,20170111234
12-11-2015 00:00,4,8,20170112004
12-11-2015 01:00,4,6,20170112014
12-11-2015 02:00,4,16,20170112024
12-11-2015 03:00,4,5,20170112034
12-11-2015 04:00,4,5,20170112044
12-11-2015 05:00,4,3,20170112054
12-11-2015 06:00,4,15,20170112064
12-11-2015 07:00,4,1,20170112074
12-11-2015 08:00,4,6,20170112084
12-11-2015 09:00,4,8,20170112094
12-11-2015 10:00,4,7,20170112104
12-11-2015 11:00,4,10,20170112114
12-11-2015 12:00,4,13,20170112124
12-11-2015 13:00,4,11,20170112134
12-11-2015 14:00,4,7,20170112144
12-11-2015 15:00,4,10,20170112154
12-11-2015 16:00,4,7,20170112164
12-11-2015 17:00,4,12,20170112174
12-11-2015 18:00,4,9,20170112184
12-11-2015 19:00,4,9,20170112194
12-11-2015 20:00,4,18,20170112204
12-11-2015 21:00,4,6,20170112214
12-11-2015 22:00,4,7,20170112224
12-11-2015 23:00,4,8,20170112234
13-11-2015 00:00,4,29,20170113004
13-11-2015 01:00,4,5,20170113014
13-11-2015 02:00,4,4,20170113024
13-11-2015 03:00,4,24,20170113034
13-11-2015 04:00,4,4,20170113044
13-11-2015 05:00,4,2,20170113054
13-11-2015 06:00,4,19,20170113064
13-11-2015 07:00,4,2,20170113074
13-11-2015 08:00,4,7,20170113084
13-11-2015 09:00,4,1,20170113094
13-11-2015 10:00,4,7,20170113104
13-11-2015 11:00,4,9,20170113114
13-11-2015 12:00,4,12,20170113124
13-11-2015 13:00,4,8,20170113134
13-11-2015 14:00,4,8,20170113144
13-11-2015 15:00,4,10,20170113154
13-11-2015 16:00,4,13,20170113164
13-11-2015 17:00,4,7,20170113174
13-11-2015 18:00,4,9,20170113184
13-11-2015 19:00,4,4,20170113194
13-11-2015 20:00,4,9,20170113204
13-11-2015 21:00,4,10,20170113214
13-11-2015 22:00,4,28,20170113224
13-11-2015 23:00,4,9,20170113234
14-11-2015 00:00,4,23,20170114004
14-11-2015 01:00,4,7,20170114014
14-11-2015 02:00,4,5,20170114024
14-11-2015 03:00,4,23,20170114034
14-11-2015 04:00,4,2,20170114044
14-11-2015 05:00,4,5,20170114054
14-11-2015 06:00,4,17,20170114064
14-11-2015 07:00,4,5,20170114074
14-11-2015 08:00,4,7,20170114084
14-11-2015 09:00,4,5,20170114094
14-11-2015 10:00,4,7,20170114104
14-11-2015 11:00,4,10,20170114114
14-11-2015 12:00,4,9,20170114124
14-11-2015 13:00,4,7,20170114134
14-11-2015 14:00,4,9,20170114144
14-11-2015 15:00,4,9,20170114154
14-11-2015 16:00,4,6,20170114164
14-11-2015 17:00,4,4,20170114174
14-11-2015 18:00,4,5,20170114184
14-11-2015 19:00,4,6,20170114194
14-11-2015 20:00,4,8,20170114204
14-11-2015 21:00,4,7,20170114214
14-11-2015 22:00,4,10,20170114224
14-11-2015 23:00,4,7,20170114234
15-11-2015 00:00,4,8,20170115004
15-11-2015 01:00,4,3,20170115014
15-11-2015 02:00,4,3,20170115024
15-11-2015 03:00,4,3,20170115034
15-11-2015 04:00,4,2,20170115044
15-11-2015 05:00,4,14,20170115054
15-11-2015 06:00,4,5,20170115064
15-11-2015 07:00,4,8,20170115074
15-11-2015 08:00,4,7,20170115084
15-11-2015 09:00,4,14,20170115094
15-11-2015 10:00,4,6,20170115104
15-11-2015 11:00,4,9,20170115114
15-11-2015 12:00,4,5,20170115124
15-11-2015 13:00,4,9,20170115134
15-11-2015 14:00,4,5,20170115144
15-11-2015 15:00,4,5,20170115154
15-11-2015 16:00,4,6,20170115164
15-11-2015 17:00,4,14,20170115174
15-11-2015 18:00,4,8,20170115184
15-11-2015 19:00,4,5,20170115194
15-11-2015 20:00,4,11,20170115204
15-11-2015 21:00,4,9,20170115214
15-11-2015 22:00,4,10,20170115224
15-11-2015 23:00,4,5,20170115234
16-11-2015 00:00,4,5,20170116004
16-11-2015 01:00,4,7,20170116014
16-11-2015 02:00,4,6,20170116024
16-11-2015 03:00,4,2,20170116034
16-11-2015 04:00,4,6,20170116044
16-11-2015 05:00,4,5,20170116054
16-11-2015 06:00,4,5,20170116064
16-11-2015 07:00,4,4,20170116074
16-11-2015 08:00,4,4,20170116084
16-11-2015 09:00,4,16,20170116094
16-11-2015 10:00,4,8,20170116104
16-11-2015 11:00,4,14,20170116114
16-11-2015 12:00,4,11,20170116124
16-11-2015 13:00,4,9,20170116134
16-11-2015 14:00,4,10,20170116144
16-11-2015 15:00,4,11,20170116154
16-11-2015 16:00,4,9,20170116164
16-11-2015 17:00,4,15,20170116174
16-11-2015 18:00,4,8,20170116184
16-11-2015 19:00,4,2,20170116194
16-11-2015 20:00,4,8,20170116204
16-11-2015 21:00,4,6,20170116214
16-11-2015 22:00,4,11,20170116224
16-11-2015 23:00,4,16,20170116234
17-11-2015 00:00,4,8,20170117004
17-11-2015 01:00,4,17,20170117014
17-11-2015 02:00,4,3,20170117024
17-11-2015 03:00,4,4,20170117034
17-11-2015 04:00,4,22,20170117044
17-11-2015 05:00,4,3,20170117054
17-11-2015 06:00,4,3,20170117064
17-11-2015 07:00,4,14,20170117074
17-11-2015 08:00,4,7,20170117084
17-11-2015 09:00,4,4,20170117094
17-11-2015 10:00,4,26,20170117104
17-11-2015 11:00,4,9,20170117114
17-11-2015 12:00,4,7,20170117124
17-11-2015 13:00,4,9,20170117134
17-11-2015 14:00,4,12,20170117144
17-11-2015 15:00,4,12,20170117154
17-11-2015 16:00,4,10,20170117164
17-11-2015 17:00,4,13,20170117174
17-11-2015 18:00,4,11,20170117184
17-11-2015 19:00,4,9,20170117194
17-11-2015 20:00,4,10,20170117204
17-11-2015 21:00,4,7,20170117214
17-11-2015 22:00,4,8,20170117224
17-11-2015 23:00,4,10,20170117234
18-11-2015 00:00,4,6,20170118004
18-11-2015 01:00,4,17,20170118014
18-11-2015 02:00,4,6,20170118024
18-11-2015 03:00,4,6,20170118034
18-11-2015 04:00,4,2,20170118044
18-11-2015 05:00,4,5,20170118054
18-11-2015 06:00,4,4,20170118064
18-11-2015 07:00,4,4,20170118074
18-11-2015 08:00,4,5,20170118084
18-11-2015 09:00,4,6,20170118094
18-11-2015 10:00,4,6,20170118104
18-11-2015 11:00,4,10,20170118114
18-11-2015 12:00,4,11,20170118124
18-11-2015 13:00,4,9,20170118134
18-11-2015 14:00,4,19,20170118144
18-11-2015 15:00,4,13,20170118154
18-11-2015 16:00,4,13,20170118164
18-11-2015 17:00,4,7,20170118174
18-11-2015 18:00,4,10,20170118184
18-11-2015 19:00,4,13,20170118194
18-11-2015 20:00,4,2,20170118204
18-11-2015 21:00,4,9,20170118214
18-11-2015 22:00,4,7,20170118224
18-11-2015 23:00,4,10,20170118234
19-11-2015 00:00,4,7,20170119004
19-11-2015 01:00,4,5,20170119014
19-11-2015 02:00,4,11,20170119024
19-11-2015 03:00,4,5,20170119034
19-11-2015 04:00,4,17,20170119044
19-11-2015 05:00,4,5,20170119054
19-11-2015 06:00,4,17,20170119064
19-11-2015 07:00,4,4,20170119074
19-11-2015 08:00,4,4,20170119084
19-11-2015 09:00,4,4,20170119094
19-11-2015 10:00,4,9,20170119104
19-11-2015 11:00,4,10,20170119114
19-11-2015 12:00,4,13,20170119124
19-11-2015 13:00,4,10,20170119134
19-11-2015 14:00,4,8,20170119144
19-11-2015 15:00,4,11,20170119154
19-11-2015 16:00,4,12,20170119164
19-11-2015 17:00,4,14,20170119174
19-11-2015 18:00,4,9,20170119184
19-11-2015 19:00,4,10,20170119194
19-11-2015 20:00,4,18,20170119204
19-11-2015 21:00,4,29,20170119214
19-11-2015 22:00,4,7,20170119224
19-11-2015 23:00,4,11,20170119234
20-11-2015 00:00,4,10,20170120004
20-11-2015 01:00,4,3,20170120014
20-11-2015 02:00,4,5,20170120024
20-11-2015 03:00,4,6,20170120034
20-11-2015 04:00,4,4,20170120044
20-11-2015 05:00,4,4,20170120054
20-11-2015 06:00,4,6,20170120064
20-11-2015 07:00,4,5,20170120074
20-11-2015 08:00,4,18,20170120084
20-11-2015 09:00,4,8,20170120094
20-11-2015 10:00,4,12,20170120104
20-11-2015 11:00,4,8,20170120114
20-11-2015 12:00,4,10,20170120124
20-11-2015 13:00,4,10,20170120134
20-11-2015 14:00,4,10,20170120144
20-11-2015 15:00,4,9,20170120154
20-11-2015 16:00,4,26,20170120164
20-11-2015 17:00,4,6,20170120174
20-11-2015 18:00,4,12,20170120184
20-11-2015 19:00,4,9,20170120194
20-11-2015 20:00,4,8,20170120204
20-11-2015 21:00,4,8,20170120214
20-11-2015 22:00,4,6,20170120224
20-11-2015 23:00,4,15,20170120234
21-11-2015 00:00,4,9,20170121004
21-11-2015 01:00,4,8,20170121014
21-11-2015 02:00,4,14,20170121024
21-11-2015 03:00,4,6,20170121034
21-11-2015 04:00,4,13,20170121044
21-11-2015 05:00,4,4,20170121054
21-11-2015 06:00,4,5,20170121064
21-11-2015 07:00,4,29,20170121074
21-11-2015 08:00,4,5,20170121084
21-11-2015 09:00,4,9,20170121094
21-11-2015 10:00,4,9,20170121104
21-11-2015 11:00,4,10,20170121114
21-11-2015 12:00,4,5,20170121124
21-11-2015 13:00,4,5,20170121134
21-11-2015 14:00,4,15,20170121144
21-11-2015 15:00,4,8,20170121154
21-11-2015 16:00,4,16,20170121164
21-11-2015 17:00,4,6,20170121174
21-11-2015 18:00,4,2,20170121184
21-11-2015 19:00,4,10,20170121194
21-11-2015 20:00,4,6,20170121204
21-11-2015 21:00,4,9,20170121214
21-11-2015 22:00,4,8,20170121224
21-11-2015 23:00,4,10,20170121234
22-11-2015 00:00,4,5,20170122004
22-11-2015 01:00,4,5,20170122014
22-11-2015 02:00,4,20,20170122024
22-11-2015 03:00,4,3,20170122034
22-11-2015 04:00,4,5,20170122044
22-11-2015 05:00,4,6,20170122054
22-11-2015 06:00,4,5,20170122064
22-11-2015 07:00,4,6,20170122074
22-11-2015 08:00,4,13,20170122084
22-11-2015 09:00,4,7,20170122094
22-11-2015 10:00,4,7,20170122104
22-11-2015 11:00,4,19,20170122114
22-11-2015 12:00,4,6,20170122124
22-11-2015 13:00,4,7,20170122134
22-11-2015 14:00,4,15,20170122144
22-11-2015 15:00,4,5,20170122154
22-11-2015 16:00,4,7,20170122164
22-11-2015 17:00,4,39,20170122174
22-11-2015 18:00,4,14,20170122184
22-11-2015 19:00,4,3,20170122194
22-11-2015 20:00,4,7,20170122204
22-11-2015 21:00,4,19,20170122214
22-11-2015 22:00,4,7,20170122224
22-11-2015 23:00,4,11,20170122234
23-11-2015 00:00,4,9,20170123004
23-11-2015 01:00,4,5,20170123014
23-11-2015 02:00,4,6,20170123024
23-11-2015 03:00,4,15,20170123034
23-11-2015 04:00,4,6,20170123044
23-11-2015 05:00,4,6,20170123054
23-11-2015 06:00,4,7,20170123064
23-11-2015 07:00,4,5,20170123074
23-11-2015 08:00,4,4,20170123084
23-11-2015 09:00,4,5,20170123094
23-11-2015 10:00,4,5,20170123104
23-11-2015 11:00,4,8,20170123114
23-11-2015 12:00,4,13,20170123124
23-11-2015 13:00,4,6,20170123134
23-11-2015 14:00,4,11,20170123144
23-11-2015 15:00,4,8,20170123154
23-11-2015 16:00,4,11,20170123164
23-11-2015 17:00,4,11,20170123174
23-11-2015 18:00,4,3,20170123184
23-11-2015 19:00,4,10,20170123194
23-11-2015 20:00,4,8,20170123204
23-11-2015 21:00,4,7,20170123214
23-11-2015 22:00,4,10,20170123224
23-11-2015 23:00,4,10,20170123234
24-11-2015 00:00,4,8,20170124004
24-11-2015 01:00,4,5,20170124014
24-11-2015 02:00,4,2,20170124024
24-11-2015 03:00,4,9,20170124034
24-11-2015 04:00,4,4,20170124044
24-11-2015 05:00,4,6,20170124054
24-11-2015 06:00,4,5,20170124064
24-11-2015 07:00,4,5,20170124074
24-11-2015 08:00,4,7,20170124084
24-11-2015 09:00,4,18,20170124094
24-11-2015 10:00,4,8,20170124104
24-11-2015 11:00,4,13,20170124114
24-11-2015 12:00,4,5,20170124124
24-11-2015 13:00,4,16,20170124134
24-11-2015 14:00,4,9,20170124144
24-11-2015 15:00,4,14,20170124154
24-11-2015 16:00,4,10,20170124164
24-11-2015 17:00,4,5,20170124174
24-11-2015 18:00,4,17,20170124184
24-11-2015 19:00,4,18,20170124194
24-11-2015 20:00,4,2,20170124204
24-11-2015 21:00,4,7,20170124214
24-11-2015 22:00,4,10,20170124224
24-11-2015 23:00,4,12,20170124234
25-11-2015 00:00,4,25,20170125004
25-11-2015 01:00,4,9,20170125014
25-11-2015 02:00,4,4,20170125024
25-11-2015 03:00,4,7,20170125034
25-11-2015 04:00,4,4,20170125044
25-11-2015 05:00,4,7,20170125054
25-11-2015 06:00,4,6,20170125064
25-11-2015 07:00,4,4,20170125074
25-11-2015 08:00,4,6,20170125084
25-11-2015 09:00,4,6,20170125094
25-11-2015 10:00,4,12,20170125104
25-11-2015 11:00,4,14,20170125114
25-11-2015 12:00,4,15,20170125124
25-11-2015 13:00,4,6,20170125134
25-11-2015 14:00,4,14,20170125144
25-11-2015 15:00,4,9,20170125154
25-11-2015 16:00,4,2,20170125164
25-11-2015 17:00,4,19,20170125174
25-11-2015 18:00,4,7,20170125184
25-11-2015 19:00,4,17,20170125194
25-11-2015 20:00,4,7,20170125204
25-11-2015 21:00,4,8,20170125214
25-11-2015 22:00,4,9,20170125224
25-11-2015 23:00,4,5,20170125234
26-11-2015 00:00,4,7,20170126004
26-11-2015 01:00,4,3,20170126014
26-11-2015 02:00,4,5,20170126024
26-11-2015 03:00,4,3,20170126034
26-11-2015 04:00,4,2,20170126044
26-11-2015 05:00,4,14,20170126054
26-11-2015 06:00,4,2,20170126064
26-11-2015 07:00,4,16,20170126074
26-11-2015 08:00,4,7,20170126084
26-11-2015 09:00,4,5,20170126094
26-11-2015 10:00,4,6,20170126104
26-11-2015 11:00,4,5,20170126114
26-11-2015 12:00,4,2,20170126124
26-11-2015 13:00,4,9,20170126134
26-11-2015 14:00,4,9,20170126144
26-11-2015 15:00,4,8,20170126154
26-11-2015 16:00,4,7,20170126164
26-11-2015 17:00,4,7,20170126174
26-11-2015 18:00,4,5,20170126184
26-11-2015 19:00,4,7,20170126194
26-11-2015 20:00,4,8,20170126204
26-11-2015 21:00,4,7,20170126214
26-11-2015 22:00,4,9,20170126224
26-11-2015 23:00,4,17,20170126234
27-11-2015 00:00,4,9,20170127004
27-11-2015 01:00,4,5,20170127014
27-11-2015 02:00,4,6,20170127024
27-11-2015 03:00,4,16,20170127034
27-11-2015 04:00,4,5,20170127044
27-11-2015 05:00,4,4,20170127054
27-11-2015 06:00,4,11,20170127064
27-11-2015 07:00,4,6,20170127074
27-11-2015 08:00,4,4,20170127084
27-11-2015 09:00,4,18,20170127094
27-11-2015 10:00,4,5,20170127104
27-11-2015 11:00,4,11,20170127114
27-11-2015 12:00,4,10,20170127124
27-11-2015 13:00,4,9,20170127134
27-11-2015 14:00,4,12,20170127144
27-11-2015 15:00,4,6,20170127154
27-11-2015 16:00,4,10,20170127164
27-11-2015 17:00,4,6,20170127174
27-11-2015 18:00,4,10,20170127184
27-11-2015 19:00,4,8,20170127194
27-11-2015 20:00,4,18,20170127204
27-11-2015 21:00,4,8,20170127214
27-11-2015 22:00,4,2,20170127224
27-11-2015 23:00,4,29,20170127234
28-11-2015 00:00,4,15,20170128004
28-11-2015 01:00,4,5,20170128014
28-11-2015 02:00,4,5,20170128024
28-11-2015 03:00,4,3,20170128034
28-11-2015 04:00,4,13,20170128044
28-11-2015 05:00,4,5,20170128054
28-11-2015 06:00,4,5,20170128064
28-11-2015 07:00,4,3,20170128074
28-11-2015 08:00,4,6,20170128084
28-11-2015 09:00,4,4,20170128094
28-11-2015 10:00,4,13,20170128104
28-11-2015 11:00,4,1,20170128114
28-11-2015 12:00,4,4,20170128124
28-11-2015 13:00,4,9,20170128134
28-11-2015 14:00,4,13,20170128144
28-11-2015 15:00,4,5,20170128154
28-11-2015 16:00,4,5,20170128164
28-11-2015 17:00,4,9,20170128174
28-11-2015 18:00,4,5,20170128184
28-11-2015 19:00,4,10,20170128194
28-11-2015 20:00,4,8,20170128204
28-11-2015 21:00,4,12,20170128214
28-11-2015 22:00,4,6,20170128224
28-11-2015 23:00,4,8,20170128234
29-11-2015 00:00,4,6,20170129004
29-11-2015 01:00,4,8,20170129014
29-11-2015 02:00,4,4,20170129024
29-11-2015 03:00,4,3,20170129034
29-11-2015 04:00,4,3,20170129044
29-11-2015 05:00,4,2,20170129054
29-11-2015 06:00,4,5,20170129064
29-11-2015 07:00,4,4,20170129074
29-11-2015 08:00,4,12,20170129084
29-11-2015 09:00,4,6,20170129094
29-11-2015 10:00,4,5,20170129104
29-11-2015 11:00,4,8,20170129114
29-11-2015 12:00,4,6,20170129124
29-11-2015 13:00,4,3,20170129134
29-11-2015 14:00,4,6,20170129144
29-11-2015 15:00,4,13,20170129154
29-11-2015 16:00,4,8,20170129164
29-11-2015 17:00,4,3,20170129174
29-11-2015 18:00,4,3,20170129184
29-11-2015 19:00,4,10,20170129194
29-11-2015 20:00,4,31,20170129204
29-11-2015 21:00,4,1,20170129214
29-11-2015 22:00,4,7,20170129224
29-11-2015 23:00,4,5,20170129234
30-11-2015 00:00,4,7,20170130004
30-11-2015 01:00,4,5,20170130014
30-11-2015 02:00,4,2,20170130024
30-11-2015 03:00,4,15,20170130034
30-11-2015 04:00,4,6,20170130044
30-11-2015 05:00,4,7,20170130054
30-11-2015 06:00,4,3,20170130064
30-11-2015 07:00,4,5,20170130074
30-11-2015 08:00,4,6,20170130084
30-11-2015 09:00,4,13,20170130094
30-11-2015 10:00,4,12,20170130104
30-11-2015 11:00,4,11,20170130114
30-11-2015 12:00,4,12,20170130124
30-11-2015 13:00,4,8,20170130134
30-11-2015 14:00,4,4,20170130144
30-11-2015 15:00,4,9,20170130154
30-11-2015 16:00,4,10,20170130164
30-11-2015 17:00,4,10,20170130174
30-11-2015 18:00,4,15,20170130184
30-11-2015 19:00,4,12,20170130194
30-11-2015 20:00,4,12,20170130204
30-11-2015 21:00,4,7,20170130214
30-11-2015 22:00,4,11,20170130224
30-11-2015 23:00,4,12,20170130234
